
#
# TABLE STRUCTURE FOR: member
#

DROP TABLE IF EXISTS `member`;

CREATE TABLE `member` (
                          `id` varchar(255) NOT NULL,
                          `email` varchar(255) NOT NULL,
                          `name` varchar(255) NOT NULL,
                          `password` varchar(255) NOT NULL,
                          `username` varchar(255) NOT NULL,
                          PRIMARY KEY (`id`)
) ENGINE=InnoDB DEFAULT CHARSET=utf8mb4 COLLATE=utf8mb4_general_ci;

INSERT INTO `member` (`id`, `email`, `name`, `password`, `username`) VALUES ('d4a3e42e-10a1-4fa8-b2e8-fde888e98247', 'dicki.bartholome@example.org', 'iure', '8597b121c33a697361f27e1846d8871497485cb8', 'prosacco.mia');
INSERT INTO `member` (`id`, `email`, `name`, `password`, `username`) VALUES ('563c93a2-651b-4e03-8a54-9db8d75e89a6', 'icollier@example.com', 'et', '12ab2fa4e8bd19f76ae5df5eeed422c7e33608a1', 'qsenger');
INSERT INTO `member` (`id`, `email`, `name`, `password`, `username`) VALUES ('bb4a5929-0e0e-470b-9b5c-ed3854ab48a4', 'destiny.wisozk@example.com', 'voluptas', 'd4d76d3c20cc329ab35485e69ddcc0b1915f3e1e', 'frederick.kihn');
INSERT INTO `member` (`id`, `email`, `name`, `password`, `username`) VALUES ('7de1e118-b2c8-441d-a44c-bcf3a9167f68', 'catharine.fahey@example.net', 'illo', 'ba84d2835a8533e738df464f5172bdacadaa0c41', 'nasir27');
INSERT INTO `member` (`id`, `email`, `name`, `password`, `username`) VALUES ('1eebe34d-a05b-4ff1-a18c-918ba8e3881c', 'beverly90@example.org', 'dolorem', '59c2738529118d4c019a754a826e277d8bdd3abe', 'kautzer.brisa');
INSERT INTO `member` (`id`, `email`, `name`, `password`, `username`) VALUES ('44470bff-dda0-4026-adc2-3f76c8bec0fa', 'ilemke@example.net', 'quia', '4f0b95bb27fc9e8796eed051fe956a95d7cf5010', 'ireichel');
INSERT INTO `member` (`id`, `email`, `name`, `password`, `username`) VALUES ('aa44e245-fe1e-47d7-9361-2d25fdb9f463', 'keith.ledner@example.org', 'veritatis', '88b2c1721b552793d6ecc6560be882f5218f6b45', 'aron.green');
INSERT INTO `member` (`id`, `email`, `name`, `password`, `username`) VALUES ('11bf312d-c7d5-4b3d-a1e6-37de65b66017', 'white.jerry@example.com', 'officiis', 'c6ac49e8a59b18df039d9ed331de9330bf2c6787', 'radams');
INSERT INTO `member` (`id`, `email`, `name`, `password`, `username`) VALUES ('685c3ace-c422-4621-b96e-760d9ab34c70', 'sawayn.alvena@example.com', 'fugit', '46fd540e21c39242ffabf65abc00e1674b3716c7', 'lockman.jeff');
INSERT INTO `member` (`id`, `email`, `name`, `password`, `username`) VALUES ('65256574-380d-4a9e-9eb6-bd301988637d', 'wyman.lorenza@example.org', 'aliquid', 'a92bc2ae93b9690a5664aa587afe233b5b6a413f', 'margarete77');
INSERT INTO `member` (`id`, `email`, `name`, `password`, `username`) VALUES ('280ca6d1-3129-4dfb-8b4e-2eef77fd8955', 'hubert56@example.org', 'et', '7b1a66d602b8c3dffad5dd1e8cc84a2d3723dc2f', 'delphine63');
INSERT INTO `member` (`id`, `email`, `name`, `password`, `username`) VALUES ('5c372c7f-ee1f-4f3f-acb5-66d4af92dd92', 'leffler.junius@example.org', 'id', 'd6c7dda7846932d253866a2f99b505b1c484fe7d', 'emilia.king');
INSERT INTO `member` (`id`, `email`, `name`, `password`, `username`) VALUES ('091a22c5-d35f-4405-96b3-45dea13ffb9a', 'rohan.albertha@example.org', 'porro', '7bf18178b1effca5d4f8c6887779fdaf60e68d90', 'kemmer.sonia');
INSERT INTO `member` (`id`, `email`, `name`, `password`, `username`) VALUES ('12b85cb9-9745-42f6-bb53-f08aace2551b', 'unique14@example.com', 'non', '72e62a05330b0fbf056ebe3fee62c693011f97e6', 'marietta11');
INSERT INTO `member` (`id`, `email`, `name`, `password`, `username`) VALUES ('1d0b8d09-20c8-46f1-8fd8-203842215768', 'inikolaus@example.org', 'aut', '8611355fadd088fa2161f9860db40b1e9a28c900', 'violette.predovic');
INSERT INTO `member` (`id`, `email`, `name`, `password`, `username`) VALUES ('2a3cbef5-3403-41a7-9bde-5d317ee4a274', 'ctromp@example.net', 'dolorem', '1ba7a64ea7c5ca0453dcbba95a544c4e5c7ccc7c', 'herbert.lemke');
INSERT INTO `member` (`id`, `email`, `name`, `password`, `username`) VALUES ('43f8f46e-6b18-45f8-b97a-5d66283b9897', 'jerry48@example.org', 'inventore', '91f4b594dcec5d714612ffe233f8491bfb759cbf', 'chelsea26');
INSERT INTO `member` (`id`, `email`, `name`, `password`, `username`) VALUES ('530c0a83-4926-4a50-876a-d7338aa06382', 'denesik.maritza@example.net', 'ea', '6ddea28912c59ffdbdcb0e850122d3b6bceeb26e', 'schimmel.jeanne');
INSERT INTO `member` (`id`, `email`, `name`, `password`, `username`) VALUES ('bf1a54fc-9ef0-4679-b3d9-f904c422460e', 'bashirian.christine@example.com', 'nemo', '9bd1743ae149bfc53b9c230235d37358bcc85df6', 'lessie.nitzsche');
INSERT INTO `member` (`id`, `email`, `name`, `password`, `username`) VALUES ('da3dcc24-21c7-4064-8829-12d1c3b74993', 'emmy80@example.net', 'corporis', 'bcfdfcd5c3cb9b1bb3ee2991a13b838662782a04', 'xkunde');
INSERT INTO `member` (`id`, `email`, `name`, `password`, `username`) VALUES ('278e1ef4-ece8-4832-8c4f-7884bede7f4d', 'thilpert@example.org', 'qui', 'ff9b7640555e2519211db9c391816bc31e1b9fe2', 'bruce05');
INSERT INTO `member` (`id`, `email`, `name`, `password`, `username`) VALUES ('b5c0c008-7a08-49aa-ac65-712c557c626e', 'ydamore@example.org', 'possimus', 'ec1e875d9541b900678457cb3d42535a6852e55d', 'addie87');
INSERT INTO `member` (`id`, `email`, `name`, `password`, `username`) VALUES ('310e715d-f51a-46cf-aee6-c9d2d3d3ba0f', 'vincent.gorczany@example.org', 'tempore', '8da36f953725ccf9355823ef0cda5caf24bf27d5', 'mateo83');
INSERT INTO `member` (`id`, `email`, `name`, `password`, `username`) VALUES ('ed2841b8-9be0-43f6-8e69-a24cab7528c4', 'xmurphy@example.org', 'sapiente', 'fd0c742097fb4ef3cf6f128627f83a6e0aff3b55', 'dicki.eric');
INSERT INTO `member` (`id`, `email`, `name`, `password`, `username`) VALUES ('55f64565-fb17-4243-a55c-eff674012e93', 'ophelia.wehner@example.com', 'hic', 'd7a2574e3003984632b6fcda3ec12af1664c029f', 'kirlin.kathryn');

#
# TABLE STRUCTURE FOR: activity
#

DROP TABLE IF EXISTS `activity`;

CREATE TABLE `activity` (
                            `id` varchar(255) NOT NULL,
                            `averageSpeed` double NOT NULL,
                            `distance` double NOT NULL,
                            `elevation` double NOT NULL,
                            `movingTime` varchar(255) NOT NULL,
                            `member_id` varchar(255) NOT NULL,
                            PRIMARY KEY (`id`),
                            KEY `member_id` (`member_id`),
                            CONSTRAINT `activity_ibfk_1` FOREIGN KEY (`member_id`) REFERENCES `member` (`id`)
) ENGINE=InnoDB DEFAULT CHARSET=utf8mb4 COLLATE=utf8mb4_general_ci;


INSERT INTO `activity` (`id`, `averageSpeed`, `distance`, `elevation`, `movingTime`, `member_id`) VALUES ('8a9641c2-8cd2-4cd6-ab11-513896c28d30', '0', '0', '0', '', 'd4a3e42e-10a1-4fa8-b2e8-fde888e98247');
INSERT INTO `activity` (`id`, `averageSpeed`, `distance`, `elevation`, `movingTime`, `member_id`) VALUES ('38d9ad93-e213-43d6-b0f6-d1ababf1e48d', '0', '0', '0', '', 'd4a3e42e-10a1-4fa8-b2e8-fde888e98247');
INSERT INTO `activity` (`id`, `averageSpeed`, `distance`, `elevation`, `movingTime`, `member_id`) VALUES ('2c28d53b-0d7a-482d-87d3-2295b5be913f', '0', '0', '0', '', 'd4a3e42e-10a1-4fa8-b2e8-fde888e98247');
INSERT INTO `activity` (`id`, `averageSpeed`, `distance`, `elevation`, `movingTime`, `member_id`) VALUES ('0876bfcf-80a8-40da-9810-079b9819df5d', '0', '0', '0', '', 'd4a3e42e-10a1-4fa8-b2e8-fde888e98247');
INSERT INTO `activity` (`id`, `averageSpeed`, `distance`, `elevation`, `movingTime`, `member_id`) VALUES ('d1d48d02-3652-4bf6-9c86-1eb11bb538ef', '0', '0', '0', '', 'd4a3e42e-10a1-4fa8-b2e8-fde888e98247');
INSERT INTO `activity` (`id`, `averageSpeed`, `distance`, `elevation`, `movingTime`, `member_id`) VALUES ('64e40a76-0717-436b-96c3-e5fca3478025', '0', '0', '0', '', 'd4a3e42e-10a1-4fa8-b2e8-fde888e98247');
INSERT INTO `activity` (`id`, `averageSpeed`, `distance`, `elevation`, `movingTime`, `member_id`) VALUES ('5b8fd793-af97-4c79-969f-841520b50bd0', '0', '0', '0', '', 'd4a3e42e-10a1-4fa8-b2e8-fde888e98247');
INSERT INTO `activity` (`id`, `averageSpeed`, `distance`, `elevation`, `movingTime`, `member_id`) VALUES ('9e6fcfc6-ae99-44c5-8e8f-91889fff33e4', '0', '0', '0', '', 'd4a3e42e-10a1-4fa8-b2e8-fde888e98247');
INSERT INTO `activity` (`id`, `averageSpeed`, `distance`, `elevation`, `movingTime`, `member_id`) VALUES ('d2d221dd-a0aa-4ddf-ab0f-f5b62937980d', '0', '0', '0', '', 'd4a3e42e-10a1-4fa8-b2e8-fde888e98247');
INSERT INTO `activity` (`id`, `averageSpeed`, `distance`, `elevation`, `movingTime`, `member_id`) VALUES ('c5ee5eeb-1e2a-4c57-9a2d-b35253688df0', '0', '0', '0', '', 'd4a3e42e-10a1-4fa8-b2e8-fde888e98247');
INSERT INTO `activity` (`id`, `averageSpeed`, `distance`, `elevation`, `movingTime`, `member_id`) VALUES ('dce2b73b-8f8e-4b2c-b9cb-05875af800af', '0', '0', '0', '', 'd4a3e42e-10a1-4fa8-b2e8-fde888e98247');
INSERT INTO `activity` (`id`, `averageSpeed`, `distance`, `elevation`, `movingTime`, `member_id`) VALUES ('48f4fe7a-2783-450e-90a2-2d8d7d168e36', '0', '0', '0', '', 'd4a3e42e-10a1-4fa8-b2e8-fde888e98247');
INSERT INTO `activity` (`id`, `averageSpeed`, `distance`, `elevation`, `movingTime`, `member_id`) VALUES ('692317f0-f445-4c95-8f2d-5b25933ae1f2', '0', '0', '0', '', 'd4a3e42e-10a1-4fa8-b2e8-fde888e98247');
INSERT INTO `activity` (`id`, `averageSpeed`, `distance`, `elevation`, `movingTime`, `member_id`) VALUES ('abba8f01-3297-451d-9838-a66a36dea611', '0', '0', '0', '', 'd4a3e42e-10a1-4fa8-b2e8-fde888e98247');
INSERT INTO `activity` (`id`, `averageSpeed`, `distance`, `elevation`, `movingTime`, `member_id`) VALUES ('b4f58ee4-fa14-4073-86ce-c9af9470bce8', '0', '0', '0', '', 'd4a3e42e-10a1-4fa8-b2e8-fde888e98247');
INSERT INTO `activity` (`id`, `averageSpeed`, `distance`, `elevation`, `movingTime`, `member_id`) VALUES ('35cdbc78-0a48-4e29-acdd-1b3b9b7d3450', '0', '0', '0', '', 'd4a3e42e-10a1-4fa8-b2e8-fde888e98247');
INSERT INTO `activity` (`id`, `averageSpeed`, `distance`, `elevation`, `movingTime`, `member_id`) VALUES ('77593671-60a1-47f8-947e-d571cf802b78', '0', '0', '0', '', 'd4a3e42e-10a1-4fa8-b2e8-fde888e98247');
INSERT INTO `activity` (`id`, `averageSpeed`, `distance`, `elevation`, `movingTime`, `member_id`) VALUES ('f1ef7b85-994c-4ade-9932-a67969c767d3', '0', '0', '0', '', 'd4a3e42e-10a1-4fa8-b2e8-fde888e98247');
INSERT INTO `activity` (`id`, `averageSpeed`, `distance`, `elevation`, `movingTime`, `member_id`) VALUES ('ddf683dc-0cb2-426d-9129-ec82c0a37d61', '0', '0', '0', '', 'd4a3e42e-10a1-4fa8-b2e8-fde888e98247');
INSERT INTO `activity` (`id`, `averageSpeed`, `distance`, `elevation`, `movingTime`, `member_id`) VALUES ('ff18872d-16e2-4d72-a4c5-e1da4afcb177', '0', '0', '0', '', 'd4a3e42e-10a1-4fa8-b2e8-fde888e98247');
INSERT INTO `activity` (`id`, `averageSpeed`, `distance`, `elevation`, `movingTime`, `member_id`) VALUES ('cf279f20-a72f-4521-8399-9f6d396e1ba3', '0', '0', '0', '', 'd4a3e42e-10a1-4fa8-b2e8-fde888e98247');
INSERT INTO `activity` (`id`, `averageSpeed`, `distance`, `elevation`, `movingTime`, `member_id`) VALUES ('7b46f17e-6ae5-4c27-9ec7-e2d4eae3fb27', '0', '0', '0', '', '563c93a2-651b-4e03-8a54-9db8d75e89a6');
INSERT INTO `activity` (`id`, `averageSpeed`, `distance`, `elevation`, `movingTime`, `member_id`) VALUES ('f9e8019c-fb98-49a7-a2e3-2414479dcded', '0', '0', '0', '', '563c93a2-651b-4e03-8a54-9db8d75e89a6');
INSERT INTO `activity` (`id`, `averageSpeed`, `distance`, `elevation`, `movingTime`, `member_id`) VALUES ('a2672d8a-8a70-43da-abef-6744eed41675', '0', '0', '0', '', '563c93a2-651b-4e03-8a54-9db8d75e89a6');
INSERT INTO `activity` (`id`, `averageSpeed`, `distance`, `elevation`, `movingTime`, `member_id`) VALUES ('0bd6e8f4-4d89-4f78-9a66-b7a70124bf1b', '0', '0', '0', '', '563c93a2-651b-4e03-8a54-9db8d75e89a6');
INSERT INTO `activity` (`id`, `averageSpeed`, `distance`, `elevation`, `movingTime`, `member_id`) VALUES ('95f6ac4d-3579-46b0-8d95-72f2363ee1b4', '0', '0', '0', '', '563c93a2-651b-4e03-8a54-9db8d75e89a6');
INSERT INTO `activity` (`id`, `averageSpeed`, `distance`, `elevation`, `movingTime`, `member_id`) VALUES ('c6fabfeb-4d30-4e05-b112-6cdf39c160b0', '0', '0', '0', '', '563c93a2-651b-4e03-8a54-9db8d75e89a6');
INSERT INTO `activity` (`id`, `averageSpeed`, `distance`, `elevation`, `movingTime`, `member_id`) VALUES ('524e5245-36c8-436c-98a2-674c19ae0b04', '0', '0', '0', '', '563c93a2-651b-4e03-8a54-9db8d75e89a6');
INSERT INTO `activity` (`id`, `averageSpeed`, `distance`, `elevation`, `movingTime`, `member_id`) VALUES ('164a4c77-e2d7-48bd-ab58-1954105e2ff6', '0', '0', '0', '', '563c93a2-651b-4e03-8a54-9db8d75e89a6');
INSERT INTO `activity` (`id`, `averageSpeed`, `distance`, `elevation`, `movingTime`, `member_id`) VALUES ('c414b5b1-1771-4565-bd3e-b11ad0e8e692', '0', '0', '0', '', '563c93a2-651b-4e03-8a54-9db8d75e89a6');
INSERT INTO `activity` (`id`, `averageSpeed`, `distance`, `elevation`, `movingTime`, `member_id`) VALUES ('6b3a4b42-adfd-40c6-8bcb-3765d1b91f0e', '0', '0', '0', '', '563c93a2-651b-4e03-8a54-9db8d75e89a6');
INSERT INTO `activity` (`id`, `averageSpeed`, `distance`, `elevation`, `movingTime`, `member_id`) VALUES ('abea9717-d11f-42c8-b927-a35eb78502cf', '0', '0', '0', '', '563c93a2-651b-4e03-8a54-9db8d75e89a6');
INSERT INTO `activity` (`id`, `averageSpeed`, `distance`, `elevation`, `movingTime`, `member_id`) VALUES ('940fdde3-14fc-468e-8c4e-b552072724de', '0', '0', '0', '', '563c93a2-651b-4e03-8a54-9db8d75e89a6');
INSERT INTO `activity` (`id`, `averageSpeed`, `distance`, `elevation`, `movingTime`, `member_id`) VALUES ('99d8d8e8-37bb-4186-8026-f6070bb700e6', '0', '0', '0', '', '563c93a2-651b-4e03-8a54-9db8d75e89a6');
INSERT INTO `activity` (`id`, `averageSpeed`, `distance`, `elevation`, `movingTime`, `member_id`) VALUES ('5253fdde-c011-4826-94ea-cc5ee580fe58', '0', '0', '0', '', '563c93a2-651b-4e03-8a54-9db8d75e89a6');
INSERT INTO `activity` (`id`, `averageSpeed`, `distance`, `elevation`, `movingTime`, `member_id`) VALUES ('dab99545-0eda-4bd6-97de-86f79e11b14a', '0', '0', '0', '', '563c93a2-651b-4e03-8a54-9db8d75e89a6');
INSERT INTO `activity` (`id`, `averageSpeed`, `distance`, `elevation`, `movingTime`, `member_id`) VALUES ('ecc8b8b8-fdcb-4f8d-94ee-b07c35e6fc83', '0', '0', '0', '', '563c93a2-651b-4e03-8a54-9db8d75e89a6');
INSERT INTO `activity` (`id`, `averageSpeed`, `distance`, `elevation`, `movingTime`, `member_id`) VALUES ('c557d46a-7cf1-4628-bc15-7bf02dff9663', '0', '0', '0', '', 'bb4a5929-0e0e-470b-9b5c-ed3854ab48a4');
INSERT INTO `activity` (`id`, `averageSpeed`, `distance`, `elevation`, `movingTime`, `member_id`) VALUES ('8bc3175b-3f2a-4c66-b33a-2db06908fa80', '0', '0', '0', '', 'bb4a5929-0e0e-470b-9b5c-ed3854ab48a4');
INSERT INTO `activity` (`id`, `averageSpeed`, `distance`, `elevation`, `movingTime`, `member_id`) VALUES ('b8084ccc-721f-4fcd-9de2-bd67dd77b3ca', '0', '0', '0', '', 'bb4a5929-0e0e-470b-9b5c-ed3854ab48a4');
INSERT INTO `activity` (`id`, `averageSpeed`, `distance`, `elevation`, `movingTime`, `member_id`) VALUES ('24fd1d86-2a33-4ccc-b927-2392b27fc77b', '0', '0', '0', '', 'bb4a5929-0e0e-470b-9b5c-ed3854ab48a4');
INSERT INTO `activity` (`id`, `averageSpeed`, `distance`, `elevation`, `movingTime`, `member_id`) VALUES ('e8235e3c-1a25-4309-bf22-4276e03418d9', '0', '0', '0', '', 'bb4a5929-0e0e-470b-9b5c-ed3854ab48a4');
INSERT INTO `activity` (`id`, `averageSpeed`, `distance`, `elevation`, `movingTime`, `member_id`) VALUES ('773f0885-d89d-46ad-aa04-8f83569060f3', '0', '0', '0', '', 'bb4a5929-0e0e-470b-9b5c-ed3854ab48a4');
INSERT INTO `activity` (`id`, `averageSpeed`, `distance`, `elevation`, `movingTime`, `member_id`) VALUES ('6dac64ca-9f18-43b5-b9b2-625072e5839f', '0', '0', '0', '', 'bb4a5929-0e0e-470b-9b5c-ed3854ab48a4');
INSERT INTO `activity` (`id`, `averageSpeed`, `distance`, `elevation`, `movingTime`, `member_id`) VALUES ('dc235239-c6c6-466e-8e41-5e5b09045561', '0', '0', '0', '', 'bb4a5929-0e0e-470b-9b5c-ed3854ab48a4');
INSERT INTO `activity` (`id`, `averageSpeed`, `distance`, `elevation`, `movingTime`, `member_id`) VALUES ('869eb829-4ac6-48be-82e1-7b01d17dcbf7', '0', '0', '0', '', 'bb4a5929-0e0e-470b-9b5c-ed3854ab48a4');
INSERT INTO `activity` (`id`, `averageSpeed`, `distance`, `elevation`, `movingTime`, `member_id`) VALUES ('909174ae-917b-48f6-8a95-9e9323844b29', '0', '0', '0', '', 'bb4a5929-0e0e-470b-9b5c-ed3854ab48a4');
INSERT INTO `activity` (`id`, `averageSpeed`, `distance`, `elevation`, `movingTime`, `member_id`) VALUES ('f2166093-9f3b-43ad-a9f3-914b736405c9', '0', '0', '0', '', 'bb4a5929-0e0e-470b-9b5c-ed3854ab48a4');
INSERT INTO `activity` (`id`, `averageSpeed`, `distance`, `elevation`, `movingTime`, `member_id`) VALUES ('f102d6cc-118b-4f25-b419-64b97af6faba', '0', '0', '0', '', 'bb4a5929-0e0e-470b-9b5c-ed3854ab48a4');
INSERT INTO `activity` (`id`, `averageSpeed`, `distance`, `elevation`, `movingTime`, `member_id`) VALUES ('f9e49e52-7b5b-4861-b037-80ae5dcf537e', '0', '0', '0', '', 'bb4a5929-0e0e-470b-9b5c-ed3854ab48a4');
INSERT INTO `activity` (`id`, `averageSpeed`, `distance`, `elevation`, `movingTime`, `member_id`) VALUES ('6a57ef4e-b75b-4911-9527-372ae338de52', '0', '0', '0', '', 'bb4a5929-0e0e-470b-9b5c-ed3854ab48a4');
INSERT INTO `activity` (`id`, `averageSpeed`, `distance`, `elevation`, `movingTime`, `member_id`) VALUES ('336be7c4-3f10-4219-9b76-62ba9bf3f0ac', '0', '0', '0', '', '7de1e118-b2c8-441d-a44c-bcf3a9167f68');
INSERT INTO `activity` (`id`, `averageSpeed`, `distance`, `elevation`, `movingTime`, `member_id`) VALUES ('3287fb2c-5908-49e3-b88f-9320b7a240ca', '0', '0', '0', '', '7de1e118-b2c8-441d-a44c-bcf3a9167f68');
INSERT INTO `activity` (`id`, `averageSpeed`, `distance`, `elevation`, `movingTime`, `member_id`) VALUES ('d88171b4-48f1-4426-80b2-d238757e068f', '0', '0', '0', '', '7de1e118-b2c8-441d-a44c-bcf3a9167f68');
INSERT INTO `activity` (`id`, `averageSpeed`, `distance`, `elevation`, `movingTime`, `member_id`) VALUES ('f906aac4-3cb5-443c-b2d1-56a43298c3f0', '0', '0', '0', '', '7de1e118-b2c8-441d-a44c-bcf3a9167f68');
INSERT INTO `activity` (`id`, `averageSpeed`, `distance`, `elevation`, `movingTime`, `member_id`) VALUES ('f8ced395-884d-4aea-a1b7-22bf14e1168c', '0', '0', '0', '', '7de1e118-b2c8-441d-a44c-bcf3a9167f68');
INSERT INTO `activity` (`id`, `averageSpeed`, `distance`, `elevation`, `movingTime`, `member_id`) VALUES ('cb4bf56f-fa54-49e9-b68e-d8644b02426e', '0', '0', '0', '', '7de1e118-b2c8-441d-a44c-bcf3a9167f68');
INSERT INTO `activity` (`id`, `averageSpeed`, `distance`, `elevation`, `movingTime`, `member_id`) VALUES ('8bc78301-5db2-4c66-ba29-c8c0e61cccee', '0', '0', '0', '', '7de1e118-b2c8-441d-a44c-bcf3a9167f68');
INSERT INTO `activity` (`id`, `averageSpeed`, `distance`, `elevation`, `movingTime`, `member_id`) VALUES ('926360ca-ae7a-4a3a-ac65-c3cc9755d148', '0', '0', '0', '', '7de1e118-b2c8-441d-a44c-bcf3a9167f68');
INSERT INTO `activity` (`id`, `averageSpeed`, `distance`, `elevation`, `movingTime`, `member_id`) VALUES ('dddfabe0-2878-48db-ae28-c1483185df3c', '0', '0', '0', '', '7de1e118-b2c8-441d-a44c-bcf3a9167f68');
INSERT INTO `activity` (`id`, `averageSpeed`, `distance`, `elevation`, `movingTime`, `member_id`) VALUES ('1dcc617d-b65c-4fa1-b93f-8bec790b5b12', '0', '0', '0', '', '7de1e118-b2c8-441d-a44c-bcf3a9167f68');
INSERT INTO `activity` (`id`, `averageSpeed`, `distance`, `elevation`, `movingTime`, `member_id`) VALUES ('929a3a46-7707-4622-b26d-ab863a3130f3', '0', '0', '0', '', '7de1e118-b2c8-441d-a44c-bcf3a9167f68');
INSERT INTO `activity` (`id`, `averageSpeed`, `distance`, `elevation`, `movingTime`, `member_id`) VALUES ('b6d55aee-9cbe-426e-8bcd-acbb37c326bf', '0', '0', '0', '', '7de1e118-b2c8-441d-a44c-bcf3a9167f68');
INSERT INTO `activity` (`id`, `averageSpeed`, `distance`, `elevation`, `movingTime`, `member_id`) VALUES ('5fe673ff-8877-4600-95a7-a42cbfd4aa5a', '0', '0', '0', '', '7de1e118-b2c8-441d-a44c-bcf3a9167f68');
INSERT INTO `activity` (`id`, `averageSpeed`, `distance`, `elevation`, `movingTime`, `member_id`) VALUES ('1b72004e-8543-421a-b93d-3881dc4b2b3c', '0', '0', '0', '', '7de1e118-b2c8-441d-a44c-bcf3a9167f68');
INSERT INTO `activity` (`id`, `averageSpeed`, `distance`, `elevation`, `movingTime`, `member_id`) VALUES ('913077d9-1db9-4e34-bd60-45c729a136dd', '0', '0', '0', '', '7de1e118-b2c8-441d-a44c-bcf3a9167f68');
INSERT INTO `activity` (`id`, `averageSpeed`, `distance`, `elevation`, `movingTime`, `member_id`) VALUES ('d51b7e47-6b6b-48e4-848b-a1b2b768df1b', '0', '0', '0', '', '7de1e118-b2c8-441d-a44c-bcf3a9167f68');
INSERT INTO `activity` (`id`, `averageSpeed`, `distance`, `elevation`, `movingTime`, `member_id`) VALUES ('c5f80feb-bb71-45aa-ba04-72f075ca779d', '0', '0', '0', '', '7de1e118-b2c8-441d-a44c-bcf3a9167f68');
INSERT INTO `activity` (`id`, `averageSpeed`, `distance`, `elevation`, `movingTime`, `member_id`) VALUES ('9b84bf56-bd54-4eab-97f3-a16ec5c6a7e4', '0', '0', '0', '', '7de1e118-b2c8-441d-a44c-bcf3a9167f68');
INSERT INTO `activity` (`id`, `averageSpeed`, `distance`, `elevation`, `movingTime`, `member_id`) VALUES ('99e9c858-d123-44ae-a4b5-8eb190ab02ff', '0', '0', '0', '', '7de1e118-b2c8-441d-a44c-bcf3a9167f68');
INSERT INTO `activity` (`id`, `averageSpeed`, `distance`, `elevation`, `movingTime`, `member_id`) VALUES ('9c9566f5-a309-411d-a58e-f7f4543ddf38', '0', '0', '0', '', '1eebe34d-a05b-4ff1-a18c-918ba8e3881c');
INSERT INTO `activity` (`id`, `averageSpeed`, `distance`, `elevation`, `movingTime`, `member_id`) VALUES ('8a41230e-dac4-49c7-a48d-d956321b31d1', '0', '0', '0', '', '1eebe34d-a05b-4ff1-a18c-918ba8e3881c');
INSERT INTO `activity` (`id`, `averageSpeed`, `distance`, `elevation`, `movingTime`, `member_id`) VALUES ('ea0728fc-5f5f-49b2-9e1a-eda9722a9f20', '0', '0', '0', '', '1eebe34d-a05b-4ff1-a18c-918ba8e3881c');
INSERT INTO `activity` (`id`, `averageSpeed`, `distance`, `elevation`, `movingTime`, `member_id`) VALUES ('842211a0-5038-4c24-9c11-684c4ef0bdea', '0', '0', '0', '', '1eebe34d-a05b-4ff1-a18c-918ba8e3881c');
INSERT INTO `activity` (`id`, `averageSpeed`, `distance`, `elevation`, `movingTime`, `member_id`) VALUES ('f094c0e0-d167-41c6-87fa-de7eebeedc66', '0', '0', '0', '', '1eebe34d-a05b-4ff1-a18c-918ba8e3881c');
INSERT INTO `activity` (`id`, `averageSpeed`, `distance`, `elevation`, `movingTime`, `member_id`) VALUES ('a063a129-63d1-462e-ae12-d199d4a4328f', '0', '0', '0', '', '1eebe34d-a05b-4ff1-a18c-918ba8e3881c');
INSERT INTO `activity` (`id`, `averageSpeed`, `distance`, `elevation`, `movingTime`, `member_id`) VALUES ('0d665962-ccb7-400e-83a2-26373bbe77cb', '0', '0', '0', '', '1eebe34d-a05b-4ff1-a18c-918ba8e3881c');
INSERT INTO `activity` (`id`, `averageSpeed`, `distance`, `elevation`, `movingTime`, `member_id`) VALUES ('e94ff999-c6e7-4536-89cc-d974a3ee1a45', '0', '0', '0', '', '1eebe34d-a05b-4ff1-a18c-918ba8e3881c');
INSERT INTO `activity` (`id`, `averageSpeed`, `distance`, `elevation`, `movingTime`, `member_id`) VALUES ('377f26e1-650d-44c3-aa3d-6cae74629f2b', '0', '0', '0', '', '1eebe34d-a05b-4ff1-a18c-918ba8e3881c');
INSERT INTO `activity` (`id`, `averageSpeed`, `distance`, `elevation`, `movingTime`, `member_id`) VALUES ('d00b732f-85f6-406c-8537-b695e98a59d4', '0', '0', '0', '', '1eebe34d-a05b-4ff1-a18c-918ba8e3881c');
INSERT INTO `activity` (`id`, `averageSpeed`, `distance`, `elevation`, `movingTime`, `member_id`) VALUES ('bcb767a8-517d-4fea-9975-57d9b506980b', '0', '0', '0', '', '1eebe34d-a05b-4ff1-a18c-918ba8e3881c');
INSERT INTO `activity` (`id`, `averageSpeed`, `distance`, `elevation`, `movingTime`, `member_id`) VALUES ('07a08986-c1c6-421d-884a-35fd87916590', '0', '0', '0', '', '1eebe34d-a05b-4ff1-a18c-918ba8e3881c');
INSERT INTO `activity` (`id`, `averageSpeed`, `distance`, `elevation`, `movingTime`, `member_id`) VALUES ('329840a2-fbe4-4993-890a-ab166db4d704', '0', '0', '0', '', '1eebe34d-a05b-4ff1-a18c-918ba8e3881c');
INSERT INTO `activity` (`id`, `averageSpeed`, `distance`, `elevation`, `movingTime`, `member_id`) VALUES ('bd6abfe2-e246-40ff-88a5-aa52a4f6d5e2', '0', '0', '0', '', '1eebe34d-a05b-4ff1-a18c-918ba8e3881c');
INSERT INTO `activity` (`id`, `averageSpeed`, `distance`, `elevation`, `movingTime`, `member_id`) VALUES ('dc59bb8e-6f58-469a-9708-649022fb174a', '0', '0', '0', '', '1eebe34d-a05b-4ff1-a18c-918ba8e3881c');
INSERT INTO `activity` (`id`, `averageSpeed`, `distance`, `elevation`, `movingTime`, `member_id`) VALUES ('7a87857e-9113-45b3-829f-22c92848c4d2', '0', '0', '0', '', '1eebe34d-a05b-4ff1-a18c-918ba8e3881c');
INSERT INTO `activity` (`id`, `averageSpeed`, `distance`, `elevation`, `movingTime`, `member_id`) VALUES ('5a544c64-37c3-40c5-9ddf-d2613dfd7800', '0', '0', '0', '', '1eebe34d-a05b-4ff1-a18c-918ba8e3881c');
INSERT INTO `activity` (`id`, `averageSpeed`, `distance`, `elevation`, `movingTime`, `member_id`) VALUES ('1c9e773b-0bf5-4218-a092-c595344305ef', '0', '0', '0', '', '1eebe34d-a05b-4ff1-a18c-918ba8e3881c');
INSERT INTO `activity` (`id`, `averageSpeed`, `distance`, `elevation`, `movingTime`, `member_id`) VALUES ('7ce7af91-1259-4f46-bddb-ab1c7bd569bb', '0', '0', '0', '', '1eebe34d-a05b-4ff1-a18c-918ba8e3881c');
INSERT INTO `activity` (`id`, `averageSpeed`, `distance`, `elevation`, `movingTime`, `member_id`) VALUES ('ae5df0bd-b985-444d-9a18-bc0a47a4d335', '0', '0', '0', '', '1eebe34d-a05b-4ff1-a18c-918ba8e3881c');
INSERT INTO `activity` (`id`, `averageSpeed`, `distance`, `elevation`, `movingTime`, `member_id`) VALUES ('7504e804-0797-4f1c-af2c-a7052178277e', '0', '0', '0', '', '1eebe34d-a05b-4ff1-a18c-918ba8e3881c');
INSERT INTO `activity` (`id`, `averageSpeed`, `distance`, `elevation`, `movingTime`, `member_id`) VALUES ('4d905c17-1d66-45da-a62e-d2d28f809b9d', '0', '0', '0', '', '1eebe34d-a05b-4ff1-a18c-918ba8e3881c');
INSERT INTO `activity` (`id`, `averageSpeed`, `distance`, `elevation`, `movingTime`, `member_id`) VALUES ('073abe0f-5a82-4ba4-b67f-81fa1f188cbc', '0', '0', '0', '', '1eebe34d-a05b-4ff1-a18c-918ba8e3881c');
INSERT INTO `activity` (`id`, `averageSpeed`, `distance`, `elevation`, `movingTime`, `member_id`) VALUES ('19ffc62c-8619-41af-833d-0feede67dd75', '0', '0', '0', '', '44470bff-dda0-4026-adc2-3f76c8bec0fa');
INSERT INTO `activity` (`id`, `averageSpeed`, `distance`, `elevation`, `movingTime`, `member_id`) VALUES ('f0a52eef-9dc5-481e-bc79-09db63ce4bb0', '0', '0', '0', '', '44470bff-dda0-4026-adc2-3f76c8bec0fa');
INSERT INTO `activity` (`id`, `averageSpeed`, `distance`, `elevation`, `movingTime`, `member_id`) VALUES ('6bb31a40-388a-49f8-914e-d6670bd5d6d4', '0', '0', '0', '', '44470bff-dda0-4026-adc2-3f76c8bec0fa');
INSERT INTO `activity` (`id`, `averageSpeed`, `distance`, `elevation`, `movingTime`, `member_id`) VALUES ('3c0cd5d9-a13b-4f0f-bcd5-d1e2ecf1c7c5', '0', '0', '0', '', '44470bff-dda0-4026-adc2-3f76c8bec0fa');
INSERT INTO `activity` (`id`, `averageSpeed`, `distance`, `elevation`, `movingTime`, `member_id`) VALUES ('4cc2d37a-13c2-4ba8-8003-fbe2de9b2fb5', '0', '0', '0', '', '44470bff-dda0-4026-adc2-3f76c8bec0fa');
INSERT INTO `activity` (`id`, `averageSpeed`, `distance`, `elevation`, `movingTime`, `member_id`) VALUES ('0a90fe07-11ec-4e1d-8015-02b713489dc2', '0', '0', '0', '', '44470bff-dda0-4026-adc2-3f76c8bec0fa');
INSERT INTO `activity` (`id`, `averageSpeed`, `distance`, `elevation`, `movingTime`, `member_id`) VALUES ('2864908c-2a46-4fb5-ac8f-71d3e1f558f0', '0', '0', '0', '', '44470bff-dda0-4026-adc2-3f76c8bec0fa');
INSERT INTO `activity` (`id`, `averageSpeed`, `distance`, `elevation`, `movingTime`, `member_id`) VALUES ('c9eef0e0-a713-488d-8fe8-7eedc7bf6f25', '0', '0', '0', '', '44470bff-dda0-4026-adc2-3f76c8bec0fa');
INSERT INTO `activity` (`id`, `averageSpeed`, `distance`, `elevation`, `movingTime`, `member_id`) VALUES ('d2b90f27-68a4-4fe6-b465-b60bbb5b2948', '0', '0', '0', '', '44470bff-dda0-4026-adc2-3f76c8bec0fa');
INSERT INTO `activity` (`id`, `averageSpeed`, `distance`, `elevation`, `movingTime`, `member_id`) VALUES ('b6d7fc8b-e718-4198-9dd1-96b1268065f8', '0', '0', '0', '', '44470bff-dda0-4026-adc2-3f76c8bec0fa');
INSERT INTO `activity` (`id`, `averageSpeed`, `distance`, `elevation`, `movingTime`, `member_id`) VALUES ('122c3e4a-b292-439c-bfc7-34da1b46f3a7', '0', '0', '0', '', '44470bff-dda0-4026-adc2-3f76c8bec0fa');
INSERT INTO `activity` (`id`, `averageSpeed`, `distance`, `elevation`, `movingTime`, `member_id`) VALUES ('1ca4f673-098e-42a9-81d1-baccb667a8ae', '0', '0', '0', '', '44470bff-dda0-4026-adc2-3f76c8bec0fa');
INSERT INTO `activity` (`id`, `averageSpeed`, `distance`, `elevation`, `movingTime`, `member_id`) VALUES ('ac6d8f35-4441-486c-aca2-2031143d286e', '0', '0', '0', '', '44470bff-dda0-4026-adc2-3f76c8bec0fa');
INSERT INTO `activity` (`id`, `averageSpeed`, `distance`, `elevation`, `movingTime`, `member_id`) VALUES ('af43c14b-ddc7-42e1-9857-b8a47a59cecf', '0', '0', '0', '', 'aa44e245-fe1e-47d7-9361-2d25fdb9f463');
INSERT INTO `activity` (`id`, `averageSpeed`, `distance`, `elevation`, `movingTime`, `member_id`) VALUES ('219d8734-14b9-471f-bb93-944ec6647c9f', '0', '0', '0', '', 'aa44e245-fe1e-47d7-9361-2d25fdb9f463');
INSERT INTO `activity` (`id`, `averageSpeed`, `distance`, `elevation`, `movingTime`, `member_id`) VALUES ('e4611953-3a8c-44ab-900e-a50288e517ce', '0', '0', '0', '', 'aa44e245-fe1e-47d7-9361-2d25fdb9f463');
INSERT INTO `activity` (`id`, `averageSpeed`, `distance`, `elevation`, `movingTime`, `member_id`) VALUES ('204e3177-d59e-486f-9f6f-b9ed2e92008e', '0', '0', '0', '', 'aa44e245-fe1e-47d7-9361-2d25fdb9f463');
INSERT INTO `activity` (`id`, `averageSpeed`, `distance`, `elevation`, `movingTime`, `member_id`) VALUES ('2496a69d-b20a-4311-8788-88733e2d4c05', '0', '0', '0', '', 'aa44e245-fe1e-47d7-9361-2d25fdb9f463');
INSERT INTO `activity` (`id`, `averageSpeed`, `distance`, `elevation`, `movingTime`, `member_id`) VALUES ('c8ab684f-ae0d-4cba-829e-a0595d94c598', '0', '0', '0', '', 'aa44e245-fe1e-47d7-9361-2d25fdb9f463');
INSERT INTO `activity` (`id`, `averageSpeed`, `distance`, `elevation`, `movingTime`, `member_id`) VALUES ('4317fc08-6a94-4c11-b3f3-2964e5762f95', '0', '0', '0', '', 'aa44e245-fe1e-47d7-9361-2d25fdb9f463');
INSERT INTO `activity` (`id`, `averageSpeed`, `distance`, `elevation`, `movingTime`, `member_id`) VALUES ('f87b2b09-5249-4b6e-a974-ef1678f7d196', '0', '0', '0', '', 'aa44e245-fe1e-47d7-9361-2d25fdb9f463');
INSERT INTO `activity` (`id`, `averageSpeed`, `distance`, `elevation`, `movingTime`, `member_id`) VALUES ('c1e71a77-852b-4f34-8c67-9ba2c7086a94', '0', '0', '0', '', 'aa44e245-fe1e-47d7-9361-2d25fdb9f463');
INSERT INTO `activity` (`id`, `averageSpeed`, `distance`, `elevation`, `movingTime`, `member_id`) VALUES ('44e731d5-30fe-4630-8122-4a07f0e8f6e3', '0', '0', '0', '', 'aa44e245-fe1e-47d7-9361-2d25fdb9f463');
INSERT INTO `activity` (`id`, `averageSpeed`, `distance`, `elevation`, `movingTime`, `member_id`) VALUES ('4f1c1d0c-eab0-4b40-9cd9-79412d9e9c7b', '0', '0', '0', '', '11bf312d-c7d5-4b3d-a1e6-37de65b66017');
INSERT INTO `activity` (`id`, `averageSpeed`, `distance`, `elevation`, `movingTime`, `member_id`) VALUES ('1d54c046-c640-48e3-b472-ff244f579611', '0', '0', '0', '', '11bf312d-c7d5-4b3d-a1e6-37de65b66017');
INSERT INTO `activity` (`id`, `averageSpeed`, `distance`, `elevation`, `movingTime`, `member_id`) VALUES ('c0fd8ec1-25d7-4e79-802e-8ec47e2e07b6', '0', '0', '0', '', '11bf312d-c7d5-4b3d-a1e6-37de65b66017');
INSERT INTO `activity` (`id`, `averageSpeed`, `distance`, `elevation`, `movingTime`, `member_id`) VALUES ('7e6563b8-7c63-465c-a29b-1e3b4379258f', '0', '0', '0', '', '11bf312d-c7d5-4b3d-a1e6-37de65b66017');
INSERT INTO `activity` (`id`, `averageSpeed`, `distance`, `elevation`, `movingTime`, `member_id`) VALUES ('7462511c-1f0c-4318-a88f-8df527be24d4', '0', '0', '0', '', '11bf312d-c7d5-4b3d-a1e6-37de65b66017');
INSERT INTO `activity` (`id`, `averageSpeed`, `distance`, `elevation`, `movingTime`, `member_id`) VALUES ('e66c8bd1-f031-4f49-8744-2dfd716888e1', '0', '0', '0', '', '11bf312d-c7d5-4b3d-a1e6-37de65b66017');
INSERT INTO `activity` (`id`, `averageSpeed`, `distance`, `elevation`, `movingTime`, `member_id`) VALUES ('0a7e78eb-f8c2-448a-88a2-616d8dbb660c', '0', '0', '0', '', '11bf312d-c7d5-4b3d-a1e6-37de65b66017');
INSERT INTO `activity` (`id`, `averageSpeed`, `distance`, `elevation`, `movingTime`, `member_id`) VALUES ('1d80a24c-bb36-4751-af04-befbdd5b6a1b', '0', '0', '0', '', '11bf312d-c7d5-4b3d-a1e6-37de65b66017');
INSERT INTO `activity` (`id`, `averageSpeed`, `distance`, `elevation`, `movingTime`, `member_id`) VALUES ('164ec246-58b8-429a-9ec6-1e1430f38e46', '0', '0', '0', '', '11bf312d-c7d5-4b3d-a1e6-37de65b66017');
INSERT INTO `activity` (`id`, `averageSpeed`, `distance`, `elevation`, `movingTime`, `member_id`) VALUES ('5cdc68f3-783c-40ba-a02b-a1ee1e8e9cd2', '0', '0', '0', '', '11bf312d-c7d5-4b3d-a1e6-37de65b66017');
INSERT INTO `activity` (`id`, `averageSpeed`, `distance`, `elevation`, `movingTime`, `member_id`) VALUES ('2a74ec9e-d6c1-4d8a-ad68-714b3ecb8192', '0', '0', '0', '', '685c3ace-c422-4621-b96e-760d9ab34c70');
INSERT INTO `activity` (`id`, `averageSpeed`, `distance`, `elevation`, `movingTime`, `member_id`) VALUES ('1df8f6be-86aa-49bc-b7e5-6ebede30b44e', '0', '0', '0', '', '685c3ace-c422-4621-b96e-760d9ab34c70');
INSERT INTO `activity` (`id`, `averageSpeed`, `distance`, `elevation`, `movingTime`, `member_id`) VALUES ('86d86af8-3ab7-4d35-ab30-d9ac5e7c4ed1', '0', '0', '0', '', '685c3ace-c422-4621-b96e-760d9ab34c70');
INSERT INTO `activity` (`id`, `averageSpeed`, `distance`, `elevation`, `movingTime`, `member_id`) VALUES ('d587f77f-0ac8-4a23-a4fb-ee8e8bfea353', '0', '0', '0', '', '685c3ace-c422-4621-b96e-760d9ab34c70');
INSERT INTO `activity` (`id`, `averageSpeed`, `distance`, `elevation`, `movingTime`, `member_id`) VALUES ('adc20ca7-f5fc-46bc-9386-84cb65664451', '0', '0', '0', '', '685c3ace-c422-4621-b96e-760d9ab34c70');
INSERT INTO `activity` (`id`, `averageSpeed`, `distance`, `elevation`, `movingTime`, `member_id`) VALUES ('aa0c2217-880a-4abf-8307-476f5e605ce0', '0', '0', '0', '', '685c3ace-c422-4621-b96e-760d9ab34c70');
INSERT INTO `activity` (`id`, `averageSpeed`, `distance`, `elevation`, `movingTime`, `member_id`) VALUES ('80e6a4d2-ee8d-4e87-bb42-393ab1f56bb8', '0', '0', '0', '', '685c3ace-c422-4621-b96e-760d9ab34c70');
INSERT INTO `activity` (`id`, `averageSpeed`, `distance`, `elevation`, `movingTime`, `member_id`) VALUES ('f77d40ad-3986-44c5-8501-c6726ca5681f', '0', '0', '0', '', '685c3ace-c422-4621-b96e-760d9ab34c70');
INSERT INTO `activity` (`id`, `averageSpeed`, `distance`, `elevation`, `movingTime`, `member_id`) VALUES ('376ee1ba-7ab1-4db3-b8df-032dd5e17129', '0', '0', '0', '', '685c3ace-c422-4621-b96e-760d9ab34c70');
INSERT INTO `activity` (`id`, `averageSpeed`, `distance`, `elevation`, `movingTime`, `member_id`) VALUES ('563b3084-6908-4230-9989-1a12affe0ef3', '0', '0', '0', '', '685c3ace-c422-4621-b96e-760d9ab34c70');
INSERT INTO `activity` (`id`, `averageSpeed`, `distance`, `elevation`, `movingTime`, `member_id`) VALUES ('0e725271-ac58-4d7a-b444-1f1d0481502c', '0', '0', '0', '', '685c3ace-c422-4621-b96e-760d9ab34c70');
INSERT INTO `activity` (`id`, `averageSpeed`, `distance`, `elevation`, `movingTime`, `member_id`) VALUES ('655afb0f-de4f-4487-8d59-b4d47824986b', '0', '0', '0', '', '685c3ace-c422-4621-b96e-760d9ab34c70');
INSERT INTO `activity` (`id`, `averageSpeed`, `distance`, `elevation`, `movingTime`, `member_id`) VALUES ('d29020ae-a97b-4e39-83d3-383e4b3ffafc', '0', '0', '0', '', '685c3ace-c422-4621-b96e-760d9ab34c70');
INSERT INTO `activity` (`id`, `averageSpeed`, `distance`, `elevation`, `movingTime`, `member_id`) VALUES ('1653b2df-12b1-4fdc-8eba-f541996ad6fd', '0', '0', '0', '', '685c3ace-c422-4621-b96e-760d9ab34c70');
INSERT INTO `activity` (`id`, `averageSpeed`, `distance`, `elevation`, `movingTime`, `member_id`) VALUES ('798f2df5-bf26-4340-bdaf-9f0af5ce828c', '0', '0', '0', '', '685c3ace-c422-4621-b96e-760d9ab34c70');
INSERT INTO `activity` (`id`, `averageSpeed`, `distance`, `elevation`, `movingTime`, `member_id`) VALUES ('a74640e2-03df-47b0-b2f3-0b36fafc83fe', '0', '0', '0', '', '685c3ace-c422-4621-b96e-760d9ab34c70');
INSERT INTO `activity` (`id`, `averageSpeed`, `distance`, `elevation`, `movingTime`, `member_id`) VALUES ('a7e3f3d8-441b-445a-ba13-2a28bd9970dc', '0', '0', '0', '', '65256574-380d-4a9e-9eb6-bd301988637d');
INSERT INTO `activity` (`id`, `averageSpeed`, `distance`, `elevation`, `movingTime`, `member_id`) VALUES ('bda966b1-c607-4bc0-a3e2-075d5ff74f22', '0', '0', '0', '', '65256574-380d-4a9e-9eb6-bd301988637d');
INSERT INTO `activity` (`id`, `averageSpeed`, `distance`, `elevation`, `movingTime`, `member_id`) VALUES ('911d7ab3-34bf-40a8-bc3f-ad98f03e0362', '0', '0', '0', '', '65256574-380d-4a9e-9eb6-bd301988637d');
INSERT INTO `activity` (`id`, `averageSpeed`, `distance`, `elevation`, `movingTime`, `member_id`) VALUES ('eec7090f-2689-4227-9c70-8bccb6232c08', '0', '0', '0', '', '65256574-380d-4a9e-9eb6-bd301988637d');
INSERT INTO `activity` (`id`, `averageSpeed`, `distance`, `elevation`, `movingTime`, `member_id`) VALUES ('65685be9-b9fd-490b-b97a-070e3bae2041', '0', '0', '0', '', '65256574-380d-4a9e-9eb6-bd301988637d');
INSERT INTO `activity` (`id`, `averageSpeed`, `distance`, `elevation`, `movingTime`, `member_id`) VALUES ('e468fb66-7138-4fd9-994a-2b813c7e2f63', '0', '0', '0', '', '65256574-380d-4a9e-9eb6-bd301988637d');
INSERT INTO `activity` (`id`, `averageSpeed`, `distance`, `elevation`, `movingTime`, `member_id`) VALUES ('a0963f21-a856-47f4-8add-02fd9f2cd689', '0', '0', '0', '', '65256574-380d-4a9e-9eb6-bd301988637d');
INSERT INTO `activity` (`id`, `averageSpeed`, `distance`, `elevation`, `movingTime`, `member_id`) VALUES ('f4dfd44b-85a0-4c46-8b82-85abc54995bb', '0', '0', '0', '', '65256574-380d-4a9e-9eb6-bd301988637d');
INSERT INTO `activity` (`id`, `averageSpeed`, `distance`, `elevation`, `movingTime`, `member_id`) VALUES ('8d9d2d7b-e68f-4868-81f1-8f6bd9698a11', '0', '0', '0', '', '65256574-380d-4a9e-9eb6-bd301988637d');
INSERT INTO `activity` (`id`, `averageSpeed`, `distance`, `elevation`, `movingTime`, `member_id`) VALUES ('34d2d658-a4f0-47ef-8d9d-a4d8f0cdcae9', '0', '0', '0', '', '65256574-380d-4a9e-9eb6-bd301988637d');
INSERT INTO `activity` (`id`, `averageSpeed`, `distance`, `elevation`, `movingTime`, `member_id`) VALUES ('abd53b23-6d1d-4a05-ab42-60ec3a53b7c2', '0', '0', '0', '', '65256574-380d-4a9e-9eb6-bd301988637d');
INSERT INTO `activity` (`id`, `averageSpeed`, `distance`, `elevation`, `movingTime`, `member_id`) VALUES ('713de4e7-e552-4305-ae80-6a651d7ec448', '0', '0', '0', '', '65256574-380d-4a9e-9eb6-bd301988637d');
INSERT INTO `activity` (`id`, `averageSpeed`, `distance`, `elevation`, `movingTime`, `member_id`) VALUES ('9b32f823-f407-4a07-a5df-199593b74e5b', '0', '0', '0', '', '280ca6d1-3129-4dfb-8b4e-2eef77fd8955');
INSERT INTO `activity` (`id`, `averageSpeed`, `distance`, `elevation`, `movingTime`, `member_id`) VALUES ('5ef03f4d-ae65-4b93-b9f3-f7a7e9c76750', '0', '0', '0', '', '280ca6d1-3129-4dfb-8b4e-2eef77fd8955');
INSERT INTO `activity` (`id`, `averageSpeed`, `distance`, `elevation`, `movingTime`, `member_id`) VALUES ('b0f2cb9a-6006-4f67-84f4-b4fb95a29f5d', '0', '0', '0', '', '280ca6d1-3129-4dfb-8b4e-2eef77fd8955');
INSERT INTO `activity` (`id`, `averageSpeed`, `distance`, `elevation`, `movingTime`, `member_id`) VALUES ('e87b7742-8aab-4e02-a07f-2ab7de881c73', '0', '0', '0', '', '280ca6d1-3129-4dfb-8b4e-2eef77fd8955');
INSERT INTO `activity` (`id`, `averageSpeed`, `distance`, `elevation`, `movingTime`, `member_id`) VALUES ('a761d00a-159a-4121-9fc1-d55301353a9d', '0', '0', '0', '', '280ca6d1-3129-4dfb-8b4e-2eef77fd8955');
INSERT INTO `activity` (`id`, `averageSpeed`, `distance`, `elevation`, `movingTime`, `member_id`) VALUES ('30a25f36-1aa5-467d-9b79-e377b5345ca0', '0', '0', '0', '', '280ca6d1-3129-4dfb-8b4e-2eef77fd8955');
INSERT INTO `activity` (`id`, `averageSpeed`, `distance`, `elevation`, `movingTime`, `member_id`) VALUES ('a2fcefb9-0c59-4074-adbb-8d526a163ba8', '0', '0', '0', '', '280ca6d1-3129-4dfb-8b4e-2eef77fd8955');
INSERT INTO `activity` (`id`, `averageSpeed`, `distance`, `elevation`, `movingTime`, `member_id`) VALUES ('3e054738-c85e-43eb-aeb7-588b9b73331a', '0', '0', '0', '', '280ca6d1-3129-4dfb-8b4e-2eef77fd8955');
INSERT INTO `activity` (`id`, `averageSpeed`, `distance`, `elevation`, `movingTime`, `member_id`) VALUES ('ec72f853-3b0c-4fba-8285-0dc08821adb1', '0', '0', '0', '', '280ca6d1-3129-4dfb-8b4e-2eef77fd8955');
INSERT INTO `activity` (`id`, `averageSpeed`, `distance`, `elevation`, `movingTime`, `member_id`) VALUES ('ac88fd2b-f79d-4533-9132-7c701a103506', '0', '0', '0', '', '280ca6d1-3129-4dfb-8b4e-2eef77fd8955');
INSERT INTO `activity` (`id`, `averageSpeed`, `distance`, `elevation`, `movingTime`, `member_id`) VALUES ('b4f2b35c-3954-49f9-9c52-f12ee6de70d7', '0', '0', '0', '', '280ca6d1-3129-4dfb-8b4e-2eef77fd8955');
INSERT INTO `activity` (`id`, `averageSpeed`, `distance`, `elevation`, `movingTime`, `member_id`) VALUES ('54497fad-602a-4e88-91dc-8b9ad89c7ec9', '0', '0', '0', '', '5c372c7f-ee1f-4f3f-acb5-66d4af92dd92');
INSERT INTO `activity` (`id`, `averageSpeed`, `distance`, `elevation`, `movingTime`, `member_id`) VALUES ('2a5e6ece-d9c5-4d39-9cb6-01aafdad8fb1', '0', '0', '0', '', '091a22c5-d35f-4405-96b3-45dea13ffb9a');
INSERT INTO `activity` (`id`, `averageSpeed`, `distance`, `elevation`, `movingTime`, `member_id`) VALUES ('81919013-0f38-4281-8220-a51b4328ae1a', '0', '0', '0', '', '12b85cb9-9745-42f6-bb53-f08aace2551b');
INSERT INTO `activity` (`id`, `averageSpeed`, `distance`, `elevation`, `movingTime`, `member_id`) VALUES ('5541dc0c-699b-4eaf-a558-7c4233743968', '0', '0', '0', '', '1d0b8d09-20c8-46f1-8fd8-203842215768');
INSERT INTO `activity` (`id`, `averageSpeed`, `distance`, `elevation`, `movingTime`, `member_id`) VALUES ('e1fd32d0-f285-4849-994c-447ddf935827', '0', '0', '0', '', '2a3cbef5-3403-41a7-9bde-5d317ee4a274');
INSERT INTO `activity` (`id`, `averageSpeed`, `distance`, `elevation`, `movingTime`, `member_id`) VALUES ('d0d7bc5c-543e-41b9-be66-8798508a3244', '0', '0', '0', '', '43f8f46e-6b18-45f8-b97a-5d66283b9897');
INSERT INTO `activity` (`id`, `averageSpeed`, `distance`, `elevation`, `movingTime`, `member_id`) VALUES ('ae8c1fb4-62c8-49d2-a207-aa923c0cf15f', '0', '0', '0', '', '530c0a83-4926-4a50-876a-d7338aa06382');
INSERT INTO `activity` (`id`, `averageSpeed`, `distance`, `elevation`, `movingTime`, `member_id`) VALUES ('6be88a2b-e443-4ac4-b122-afe758b36469', '0', '0', '0', '', 'bf1a54fc-9ef0-4679-b3d9-f904c422460e');
INSERT INTO `activity` (`id`, `averageSpeed`, `distance`, `elevation`, `movingTime`, `member_id`) VALUES ('e108d6fc-1ae2-405c-a678-27327fe11048', '0', '0', '0', '', 'da3dcc24-21c7-4064-8829-12d1c3b74993');
INSERT INTO `activity` (`id`, `averageSpeed`, `distance`, `elevation`, `movingTime`, `member_id`) VALUES ('0e7ecaa6-e032-4e49-be0c-39b743b06764', '0', '0', '0', '', '278e1ef4-ece8-4832-8c4f-7884bede7f4d');
INSERT INTO `activity` (`id`, `averageSpeed`, `distance`, `elevation`, `movingTime`, `member_id`) VALUES ('0d2c0756-521b-4c76-a969-2eefbc6183b8', '0', '0', '0', '', 'b5c0c008-7a08-49aa-ac65-712c557c626e');
INSERT INTO `activity` (`id`, `averageSpeed`, `distance`, `elevation`, `movingTime`, `member_id`) VALUES ('7d69b4a4-699d-4efc-8689-b7639f338e03', '0', '0', '0', '', '310e715d-f51a-46cf-aee6-c9d2d3d3ba0f');
INSERT INTO `activity` (`id`, `averageSpeed`, `distance`, `elevation`, `movingTime`, `member_id`) VALUES ('0ff85daa-88cc-415f-95dc-b2fc13d438f9', '0', '0', '0', '', 'ed2841b8-9be0-43f6-8e69-a24cab7528c4');
INSERT INTO `activity` (`id`, `averageSpeed`, `distance`, `elevation`, `movingTime`, `member_id`) VALUES ('0bdd8868-e5d4-4218-95a8-30f98aef6bbc', '0', '0', '0', '', '55f64565-fb17-4243-a55c-eff674012e93');
INSERT INTO `activity` (`id`, `averageSpeed`, `distance`, `elevation`, `movingTime`, `member_id`) VALUES ('7a62a7ab-fa58-411b-b047-691cf100c882', '0', '0', '0', '', '5c372c7f-ee1f-4f3f-acb5-66d4af92dd92');
INSERT INTO `activity` (`id`, `averageSpeed`, `distance`, `elevation`, `movingTime`, `member_id`) VALUES ('164c24d3-62ce-446a-9e67-bc49da878aa6', '0', '0', '0', '', '091a22c5-d35f-4405-96b3-45dea13ffb9a');
INSERT INTO `activity` (`id`, `averageSpeed`, `distance`, `elevation`, `movingTime`, `member_id`) VALUES ('113d0de0-1a0c-47a6-92c7-266cc194c984', '0', '0', '0', '', '12b85cb9-9745-42f6-bb53-f08aace2551b');
INSERT INTO `activity` (`id`, `averageSpeed`, `distance`, `elevation`, `movingTime`, `member_id`) VALUES ('e6566c46-d384-4b70-9892-5e9137c9bf04', '0', '0', '0', '', '1d0b8d09-20c8-46f1-8fd8-203842215768');
INSERT INTO `activity` (`id`, `averageSpeed`, `distance`, `elevation`, `movingTime`, `member_id`) VALUES ('f1c19e50-3de9-4318-8eb1-ce4f482fb327', '0', '0', '0', '', '2a3cbef5-3403-41a7-9bde-5d317ee4a274');
INSERT INTO `activity` (`id`, `averageSpeed`, `distance`, `elevation`, `movingTime`, `member_id`) VALUES ('8764297e-8d8e-4004-a276-0594e37f108b', '0', '0', '0', '', '43f8f46e-6b18-45f8-b97a-5d66283b9897');
INSERT INTO `activity` (`id`, `averageSpeed`, `distance`, `elevation`, `movingTime`, `member_id`) VALUES ('407d4e8c-da4f-473e-a14a-63bc3ede113c', '0', '0', '0', '', '530c0a83-4926-4a50-876a-d7338aa06382');
INSERT INTO `activity` (`id`, `averageSpeed`, `distance`, `elevation`, `movingTime`, `member_id`) VALUES ('d1a180f7-f5ca-488e-85e8-6481c4aa0128', '0', '0', '0', '', 'bf1a54fc-9ef0-4679-b3d9-f904c422460e');
INSERT INTO `activity` (`id`, `averageSpeed`, `distance`, `elevation`, `movingTime`, `member_id`) VALUES ('ace9348b-30a3-48d5-a87b-8c48a596426f', '0', '0', '0', '', 'da3dcc24-21c7-4064-8829-12d1c3b74993');
INSERT INTO `activity` (`id`, `averageSpeed`, `distance`, `elevation`, `movingTime`, `member_id`) VALUES ('a8a67589-d8f2-4745-a805-5697eac7619e', '0', '0', '0', '', '278e1ef4-ece8-4832-8c4f-7884bede7f4d');
INSERT INTO `activity` (`id`, `averageSpeed`, `distance`, `elevation`, `movingTime`, `member_id`) VALUES ('fe9cb25d-157d-45b7-9a00-28c342241af0', '0', '0', '0', '', 'b5c0c008-7a08-49aa-ac65-712c557c626e');
INSERT INTO `activity` (`id`, `averageSpeed`, `distance`, `elevation`, `movingTime`, `member_id`) VALUES ('783bc862-87ce-4a6d-a396-c50e44638465', '0', '0', '0', '', '310e715d-f51a-46cf-aee6-c9d2d3d3ba0f');
INSERT INTO `activity` (`id`, `averageSpeed`, `distance`, `elevation`, `movingTime`, `member_id`) VALUES ('5892a520-bbcc-4120-ac76-669748bc7a63', '0', '0', '0', '', '5c372c7f-ee1f-4f3f-acb5-66d4af92dd92');
INSERT INTO `activity` (`id`, `averageSpeed`, `distance`, `elevation`, `movingTime`, `member_id`) VALUES ('b061cbfc-8ab9-4dd2-8186-ab7f89fe80c4', '0', '0', '0', '', '091a22c5-d35f-4405-96b3-45dea13ffb9a');
INSERT INTO `activity` (`id`, `averageSpeed`, `distance`, `elevation`, `movingTime`, `member_id`) VALUES ('24f9b4cd-affb-4a56-b131-29d1e65ec9ad', '0', '0', '0', '', '12b85cb9-9745-42f6-bb53-f08aace2551b');
INSERT INTO `activity` (`id`, `averageSpeed`, `distance`, `elevation`, `movingTime`, `member_id`) VALUES ('8a7ba8be-d692-4727-9c29-640720b51ae3', '0', '0', '0', '', '1d0b8d09-20c8-46f1-8fd8-203842215768');
INSERT INTO `activity` (`id`, `averageSpeed`, `distance`, `elevation`, `movingTime`, `member_id`) VALUES ('00bd157a-dc56-45de-b768-d07fb9e25328', '0', '0', '0', '', '2a3cbef5-3403-41a7-9bde-5d317ee4a274');
INSERT INTO `activity` (`id`, `averageSpeed`, `distance`, `elevation`, `movingTime`, `member_id`) VALUES ('1e3bf7f9-3d84-4831-859e-f4fad7251c4e', '0', '0', '0', '', '43f8f46e-6b18-45f8-b97a-5d66283b9897');
INSERT INTO `activity` (`id`, `averageSpeed`, `distance`, `elevation`, `movingTime`, `member_id`) VALUES ('335038d4-5800-4777-b5f5-f2156865d46e', '0', '0', '0', '', '530c0a83-4926-4a50-876a-d7338aa06382');
INSERT INTO `activity` (`id`, `averageSpeed`, `distance`, `elevation`, `movingTime`, `member_id`) VALUES ('0921d3b7-1d36-4def-ba3b-19bb3e5b6a23', '0', '0', '0', '', 'bf1a54fc-9ef0-4679-b3d9-f904c422460e');
INSERT INTO `activity` (`id`, `averageSpeed`, `distance`, `elevation`, `movingTime`, `member_id`) VALUES ('6b19f02b-7e56-4551-83d7-f7e851400360', '0', '0', '0', '', 'da3dcc24-21c7-4064-8829-12d1c3b74993');
INSERT INTO `activity` (`id`, `averageSpeed`, `distance`, `elevation`, `movingTime`, `member_id`) VALUES ('999b58e1-aa02-42d0-a92c-16e6541259d0', '0', '0', '0', '', '278e1ef4-ece8-4832-8c4f-7884bede7f4d');
INSERT INTO `activity` (`id`, `averageSpeed`, `distance`, `elevation`, `movingTime`, `member_id`) VALUES ('0e73f137-550d-48f0-9914-0c3f9b00188b', '0', '0', '0', '', '5c372c7f-ee1f-4f3f-acb5-66d4af92dd92');
INSERT INTO `activity` (`id`, `averageSpeed`, `distance`, `elevation`, `movingTime`, `member_id`) VALUES ('390a35cc-f978-4c61-9f61-13d3cb2688f4', '0', '0', '0', '', '091a22c5-d35f-4405-96b3-45dea13ffb9a');
INSERT INTO `activity` (`id`, `averageSpeed`, `distance`, `elevation`, `movingTime`, `member_id`) VALUES ('37eae6f4-37bc-4e07-98f9-52b56e6cd7f5', '0', '0', '0', '', '12b85cb9-9745-42f6-bb53-f08aace2551b');
INSERT INTO `activity` (`id`, `averageSpeed`, `distance`, `elevation`, `movingTime`, `member_id`) VALUES ('ffa56308-7c77-4c54-8f6b-d066c4cae812', '0', '0', '0', '', '1d0b8d09-20c8-46f1-8fd8-203842215768');
INSERT INTO `activity` (`id`, `averageSpeed`, `distance`, `elevation`, `movingTime`, `member_id`) VALUES ('f68258c0-52e4-4710-bbcd-633ec997a70a', '0', '0', '0', '', '2a3cbef5-3403-41a7-9bde-5d317ee4a274');
INSERT INTO `activity` (`id`, `averageSpeed`, `distance`, `elevation`, `movingTime`, `member_id`) VALUES ('f650ba1a-3500-4dad-832e-369949bf002d', '0', '0', '0', '', '5c372c7f-ee1f-4f3f-acb5-66d4af92dd92');
INSERT INTO `activity` (`id`, `averageSpeed`, `distance`, `elevation`, `movingTime`, `member_id`) VALUES ('8448e27c-13f2-4300-a3b1-c818d553db21', '0', '0', '0', '', '091a22c5-d35f-4405-96b3-45dea13ffb9a');
INSERT INTO `activity` (`id`, `averageSpeed`, `distance`, `elevation`, `movingTime`, `member_id`) VALUES ('38465284-4bae-4318-9dbe-77f9c5b570d9', '0', '0', '0', '', '12b85cb9-9745-42f6-bb53-f08aace2551b');
INSERT INTO `activity` (`id`, `averageSpeed`, `distance`, `elevation`, `movingTime`, `member_id`) VALUES ('de8affa5-b845-4d5a-b01e-8053800bd20f', '0', '0', '0', '', '1d0b8d09-20c8-46f1-8fd8-203842215768');
INSERT INTO `activity` (`id`, `averageSpeed`, `distance`, `elevation`, `movingTime`, `member_id`) VALUES ('3a2b7122-29ef-464c-a4b9-a6ee768075e7', '0', '0', '0', '', '2a3cbef5-3403-41a7-9bde-5d317ee4a274');
INSERT INTO `activity` (`id`, `averageSpeed`, `distance`, `elevation`, `movingTime`, `member_id`) VALUES ('4a754d1e-0e7d-459b-b311-e3a958d0938d', '0', '0', '0', '', '43f8f46e-6b18-45f8-b97a-5d66283b9897');
INSERT INTO `activity` (`id`, `averageSpeed`, `distance`, `elevation`, `movingTime`, `member_id`) VALUES ('482534e5-bb45-4898-805a-8fa083c9c111', '0', '0', '0', '', '530c0a83-4926-4a50-876a-d7338aa06382');
INSERT INTO `activity` (`id`, `averageSpeed`, `distance`, `elevation`, `movingTime`, `member_id`) VALUES ('fbe18adb-67e4-4b4c-922f-08b94b3638a2', '0', '0', '0', '', 'bf1a54fc-9ef0-4679-b3d9-f904c422460e');
INSERT INTO `activity` (`id`, `averageSpeed`, `distance`, `elevation`, `movingTime`, `member_id`) VALUES ('10605859-c35e-474e-a9b3-df247d576d49', '0', '0', '0', '', '5c372c7f-ee1f-4f3f-acb5-66d4af92dd92');
INSERT INTO `activity` (`id`, `averageSpeed`, `distance`, `elevation`, `movingTime`, `member_id`) VALUES ('c23cdf45-8866-42c6-9963-5e225a718dea', '0', '0', '0', '', '091a22c5-d35f-4405-96b3-45dea13ffb9a');
INSERT INTO `activity` (`id`, `averageSpeed`, `distance`, `elevation`, `movingTime`, `member_id`) VALUES ('5a4f7533-6bec-45f5-8e1d-9f50366dadf5', '0', '0', '0', '', '12b85cb9-9745-42f6-bb53-f08aace2551b');
INSERT INTO `activity` (`id`, `averageSpeed`, `distance`, `elevation`, `movingTime`, `member_id`) VALUES ('5441fc6a-3bc9-4e06-9bb8-e381fe98b215', '0', '0', '0', '', '1d0b8d09-20c8-46f1-8fd8-203842215768');
INSERT INTO `activity` (`id`, `averageSpeed`, `distance`, `elevation`, `movingTime`, `member_id`) VALUES ('911d454a-3f9b-48ec-867b-05dbc1d24a30', '0', '0', '0', '', '2a3cbef5-3403-41a7-9bde-5d317ee4a274');
INSERT INTO `activity` (`id`, `averageSpeed`, `distance`, `elevation`, `movingTime`, `member_id`) VALUES ('e150b579-d6f7-424f-bd17-1cc48b49b4d4', '0', '0', '0', '', '43f8f46e-6b18-45f8-b97a-5d66283b9897');
INSERT INTO `activity` (`id`, `averageSpeed`, `distance`, `elevation`, `movingTime`, `member_id`) VALUES ('4c0a2af0-1d6d-48c1-b022-763cff2f0a81', '0', '0', '0', '', '530c0a83-4926-4a50-876a-d7338aa06382');
INSERT INTO `activity` (`id`, `averageSpeed`, `distance`, `elevation`, `movingTime`, `member_id`) VALUES ('b4a08c51-a870-40c9-958f-bf0d8369b29c', '0', '0', '0', '', 'bf1a54fc-9ef0-4679-b3d9-f904c422460e');
INSERT INTO `activity` (`id`, `averageSpeed`, `distance`, `elevation`, `movingTime`, `member_id`) VALUES ('eb23dc31-7754-4837-96a3-f782d1f3ebbd', '0', '0', '0', '', 'da3dcc24-21c7-4064-8829-12d1c3b74993');
INSERT INTO `activity` (`id`, `averageSpeed`, `distance`, `elevation`, `movingTime`, `member_id`) VALUES ('05b3c57e-1302-43e3-8320-36ca8246aceb', '0', '0', '0', '', '278e1ef4-ece8-4832-8c4f-7884bede7f4d');
INSERT INTO `activity` (`id`, `averageSpeed`, `distance`, `elevation`, `movingTime`, `member_id`) VALUES ('52ab6d33-843f-4492-a94f-4a3648786ef6', '0', '0', '0', '', 'b5c0c008-7a08-49aa-ac65-712c557c626e');
INSERT INTO `activity` (`id`, `averageSpeed`, `distance`, `elevation`, `movingTime`, `member_id`) VALUES ('10947d0e-2f23-4cf2-9c17-bb057edbf537', '0', '0', '0', '', '5c372c7f-ee1f-4f3f-acb5-66d4af92dd92');
INSERT INTO `activity` (`id`, `averageSpeed`, `distance`, `elevation`, `movingTime`, `member_id`) VALUES ('783eb498-d5fd-4a27-8206-3fb15d1eadd7', '0', '0', '0', '', '091a22c5-d35f-4405-96b3-45dea13ffb9a');
INSERT INTO `activity` (`id`, `averageSpeed`, `distance`, `elevation`, `movingTime`, `member_id`) VALUES ('8b603ffb-b03f-474e-a619-e0c498c48abd', '0', '0', '0', '', '12b85cb9-9745-42f6-bb53-f08aace2551b');
INSERT INTO `activity` (`id`, `averageSpeed`, `distance`, `elevation`, `movingTime`, `member_id`) VALUES ('a5a59741-fe8d-4293-8f21-54c324da18d5', '0', '0', '0', '', '1d0b8d09-20c8-46f1-8fd8-203842215768');
INSERT INTO `activity` (`id`, `averageSpeed`, `distance`, `elevation`, `movingTime`, `member_id`) VALUES ('0d03a4b7-42d0-4133-a219-23aa993aeb5a', '0', '0', '0', '', '2a3cbef5-3403-41a7-9bde-5d317ee4a274');
INSERT INTO `activity` (`id`, `averageSpeed`, `distance`, `elevation`, `movingTime`, `member_id`) VALUES ('5c9c8579-7681-4215-b865-8ddbd14b38e7', '0', '0', '0', '', '43f8f46e-6b18-45f8-b97a-5d66283b9897');
INSERT INTO `activity` (`id`, `averageSpeed`, `distance`, `elevation`, `movingTime`, `member_id`) VALUES ('31bfce2f-bd89-475e-a68e-de024906507e', '0', '0', '0', '', '530c0a83-4926-4a50-876a-d7338aa06382');
INSERT INTO `activity` (`id`, `averageSpeed`, `distance`, `elevation`, `movingTime`, `member_id`) VALUES ('e95c2a20-1e8e-42a1-85e3-4e20c402d3a3', '0', '0', '0', '', 'bf1a54fc-9ef0-4679-b3d9-f904c422460e');
INSERT INTO `activity` (`id`, `averageSpeed`, `distance`, `elevation`, `movingTime`, `member_id`) VALUES ('cbd5439e-4430-4518-bff0-765ae5da0a75', '0', '0', '0', '', 'da3dcc24-21c7-4064-8829-12d1c3b74993');
INSERT INTO `activity` (`id`, `averageSpeed`, `distance`, `elevation`, `movingTime`, `member_id`) VALUES ('c590ffb8-11ce-4199-a4b1-6274fdcf8b95', '0', '0', '0', '', '278e1ef4-ece8-4832-8c4f-7884bede7f4d');
INSERT INTO `activity` (`id`, `averageSpeed`, `distance`, `elevation`, `movingTime`, `member_id`) VALUES ('841f29ce-6c39-4265-a536-d94e318b57c6', '0', '0', '0', '', 'b5c0c008-7a08-49aa-ac65-712c557c626e');
INSERT INTO `activity` (`id`, `averageSpeed`, `distance`, `elevation`, `movingTime`, `member_id`) VALUES ('63ca893b-e209-40e4-a735-47701ba3dce6', '0', '0', '0', '', '310e715d-f51a-46cf-aee6-c9d2d3d3ba0f');
INSERT INTO `activity` (`id`, `averageSpeed`, `distance`, `elevation`, `movingTime`, `member_id`) VALUES ('88c455b2-74df-443c-9167-fd4d25f660c8', '0', '0', '0', '', 'ed2841b8-9be0-43f6-8e69-a24cab7528c4');
INSERT INTO `activity` (`id`, `averageSpeed`, `distance`, `elevation`, `movingTime`, `member_id`) VALUES ('ade0b1ff-014a-4426-afb1-28ea7e4fad65', '0', '0', '0', '', '5c372c7f-ee1f-4f3f-acb5-66d4af92dd92');
INSERT INTO `activity` (`id`, `averageSpeed`, `distance`, `elevation`, `movingTime`, `member_id`) VALUES ('7fd4f02a-7484-4efb-846d-518c799cf6f3', '0', '0', '0', '', '091a22c5-d35f-4405-96b3-45dea13ffb9a');
INSERT INTO `activity` (`id`, `averageSpeed`, `distance`, `elevation`, `movingTime`, `member_id`) VALUES ('ba5a8379-a26a-4cc6-8076-aeb0968642e9', '0', '0', '0', '', '12b85cb9-9745-42f6-bb53-f08aace2551b');
INSERT INTO `activity` (`id`, `averageSpeed`, `distance`, `elevation`, `movingTime`, `member_id`) VALUES ('5dbcbafa-3ed7-4fb0-b5db-75506b0be6ab', '0', '0', '0', '', '1d0b8d09-20c8-46f1-8fd8-203842215768');
INSERT INTO `activity` (`id`, `averageSpeed`, `distance`, `elevation`, `movingTime`, `member_id`) VALUES ('4040d4c1-f14f-48ac-9375-ef5052fd3f47', '0', '0', '0', '', '2a3cbef5-3403-41a7-9bde-5d317ee4a274');
INSERT INTO `activity` (`id`, `averageSpeed`, `distance`, `elevation`, `movingTime`, `member_id`) VALUES ('87042d23-9a9e-4835-9ec3-bc27bb9c724d', '0', '0', '0', '', '43f8f46e-6b18-45f8-b97a-5d66283b9897');
INSERT INTO `activity` (`id`, `averageSpeed`, `distance`, `elevation`, `movingTime`, `member_id`) VALUES ('d98b649d-e1ac-455f-9cb9-caedb8090834', '0', '0', '0', '', '530c0a83-4926-4a50-876a-d7338aa06382');
INSERT INTO `activity` (`id`, `averageSpeed`, `distance`, `elevation`, `movingTime`, `member_id`) VALUES ('5aad0632-a858-4b02-be10-949d333a29b9', '0', '0', '0', '', 'bf1a54fc-9ef0-4679-b3d9-f904c422460e');
INSERT INTO `activity` (`id`, `averageSpeed`, `distance`, `elevation`, `movingTime`, `member_id`) VALUES ('e2f4304b-1ace-42ba-9826-0a4ef850bc69', '0', '0', '0', '', 'da3dcc24-21c7-4064-8829-12d1c3b74993');
INSERT INTO `activity` (`id`, `averageSpeed`, `distance`, `elevation`, `movingTime`, `member_id`) VALUES ('53cfba40-4ff6-4a20-b006-e868e9d856ac', '0', '0', '0', '', '5c372c7f-ee1f-4f3f-acb5-66d4af92dd92');
INSERT INTO `activity` (`id`, `averageSpeed`, `distance`, `elevation`, `movingTime`, `member_id`) VALUES ('b3e2f912-7ba6-4322-9462-f8b43241cc34', '0', '0', '0', '', '091a22c5-d35f-4405-96b3-45dea13ffb9a');
INSERT INTO `activity` (`id`, `averageSpeed`, `distance`, `elevation`, `movingTime`, `member_id`) VALUES ('5c99e2f1-5966-4a7d-bcd7-745e2fd5054c', '0', '0', '0', '', '12b85cb9-9745-42f6-bb53-f08aace2551b');


#
# TABLE STRUCTURE FOR: community
#

DROP TABLE IF EXISTS `community`;

CREATE TABLE `community` (
                             `id` varchar(255) NOT NULL,
                             `name` varchar(255) NOT NULL,
                             `description` varchar(255) NOT NULL,
                             PRIMARY KEY (`id`)
) ENGINE=InnoDB DEFAULT CHARSET=utf8mb4 COLLATE=utf8mb4_general_ci;

INSERT INTO `community` (`id`, `name`, `description`) VALUES ('885bdc55-c26c-466c-8184-2b258c138650', 'veniam', 'Inventore facere rerum aut officiis. Consectetur omnis explicabo quaerat tempore iusto commodi beatae. Ex qui saepe itaque occaecati quisquam in tempora.');
INSERT INTO `community` (`id`, `name`, `description`) VALUES ('2631e59b-fcad-43a8-b7fb-5a9f13b3f7d3', 'excepturi', 'Quae rerum est praesentium voluptas ut ullam. Nihil illum sint voluptas eos. Quam sit voluptatum accusantium consequuntur autem ullam aut ad. Laboriosam placeat ipsam soluta sequi.');
INSERT INTO `community` (`id`, `name`, `description`) VALUES ('fd18456b-68aa-4d3d-9752-736df48c8371', 'laudantium', 'Aliquam consequatur occaecati doloribus est. Autem autem eum repellat dolorum nesciunt aliquid. Reprehenderit quibusdam facilis sunt repellendus sint expedita cumque voluptas. Consequatur aperiam placeat sapiente voluptatem praesentium asperiores nihil no');
INSERT INTO `community` (`id`, `name`, `description`) VALUES ('1e5411e4-07ee-4ff2-8a5d-9e534ae3216a', 'autem', 'Magnam sit commodi quisquam voluptatem omnis maxime aut. Rerum omnis et quae. Fuga dolor velit molestias ut.');
INSERT INTO `community` (`id`, `name`, `description`) VALUES ('5fe622c0-254b-4cdf-9419-495e71724362', 'beatae', 'Ut iusto aut deserunt sapiente sint. Aliquid vel sunt nam adipisci ab non. Amet nulla sunt asperiores ab sit fuga dolor consequuntur. Accusamus voluptas provident aliquam sed quia voluptatem esse.');
INSERT INTO `community` (`id`, `name`, `description`) VALUES ('0db1d8a6-0b59-434f-9669-7e1535bb50a7', 'deserunt', 'Ut dolorum dolor minima quos. Reiciendis aliquid nihil non quaerat harum vitae deleniti. Qui id officiis quam ut.');
INSERT INTO `community` (`id`, `name`, `description`) VALUES ('5dacb263-9582-4254-9b24-0b7b2ef83fff', 'architecto', 'Aut officiis omnis iure aut eos adipisci nobis. Sit perferendis corporis consequuntur voluptatem praesentium eum illum. Architecto cupiditate aut illo quasi error dolorum. Ipsum minus unde sit aspernatur et optio rem.');
INSERT INTO `community` (`id`, `name`, `description`) VALUES ('af66f2f8-6010-4e1a-848a-5488c464d70c', 'aut', 'Voluptates ipsa ut quos at inventore distinctio. Eos ea praesentium illo fugiat rem aut. Non modi vel numquam et fugiat dicta voluptate.');
INSERT INTO `community` (`id`, `name`, `description`) VALUES ('6913a7c2-6626-4c46-8f48-1a6b0ef65940', 'dolore', 'Blanditiis voluptatum quia eaque qui voluptas aut. Excepturi ullam voluptas eveniet eaque. Nisi cumque laboriosam ut repellat sint beatae. Vel minima illo perferendis mollitia nihil voluptas.');
INSERT INTO `community` (`id`, `name`, `description`) VALUES ('96435e9b-2e77-491d-89c5-c58fc34a5b16', 'maxime', 'Ea odio delectus voluptas expedita enim. Quia explicabo sunt facilis sed. Voluptatem quia ea a et ut voluptatem numquam.');
INSERT INTO `community` (`id`, `name`, `description`) VALUES ('d9159eeb-0909-4d05-a5ec-66ef218f6e2f', 'est', 'Maiores pariatur aliquam sit nihil. Explicabo nihil corporis voluptas commodi consequatur. Optio facilis nam rerum sed.');
INSERT INTO `community` (`id`, `name`, `description`) VALUES ('86214e80-c75c-4452-a7d9-54cde973340b', 'id', 'Aut rerum explicabo excepturi quam. Ipsa quia ad iusto consequatur veritatis id voluptas. Et ex odit optio error voluptate. Itaque tempora ut quaerat ab delectus doloribus.');
INSERT INTO `community` (`id`, `name`, `description`) VALUES ('5aba9d42-1db5-494b-bae7-f180d73029f1', 'quae', 'Nostrum doloribus asperiores eos aut consectetur. Qui blanditiis consectetur est rem facilis repellendus sit. Corporis qui repellat dignissimos aut et animi quis. Sequi nesciunt est dignissimos vero vero.');
INSERT INTO `community` (`id`, `name`, `description`) VALUES ('3a878ddd-a760-4ef9-bdfe-19ded32a99bf', 'quasi', 'Est eaque sunt eveniet. Dolorum sit quaerat alias quia aut. Deserunt rerum dolores laborum fuga dolores in ipsum.');
INSERT INTO `community` (`id`, `name`, `description`) VALUES ('4c684c0d-1226-4d44-a457-ca2bab6695f7', 'deleniti', 'Doloribus praesentium beatae totam est. Est culpa cumque ipsum ipsa quidem rem neque inventore.');



#
# TABLE STRUCTURE FOR: post
#

DROP TABLE IF EXISTS `post`;

CREATE TABLE `post` (
                        `id` varchar(255) NOT NULL,
                        `date` datetime NOT NULL,
                        `text` text NOT NULL,
                        `community_id` varchar(255) NOT NULL,
                        `writer_id` varchar(255) NOT NULL,
                        `activity_id` varchar(255) DEFAULT NULL,
                        PRIMARY KEY (`id`),
                        KEY `community_id` (`community_id`),
                        KEY `writer_id` (`writer_id`),
                        KEY `activity_id` (`activity_id`),
                        CONSTRAINT `post_ibfk_1` FOREIGN KEY (`community_id`) REFERENCES `community` (`id`),
                        CONSTRAINT `post_ibfk_2` FOREIGN KEY (`writer_id`) REFERENCES `member` (`id`),
                        CONSTRAINT `post_ibfk_3` FOREIGN KEY (`activity_id`) REFERENCES `activity` (`id`)
) ENGINE=InnoDB DEFAULT CHARSET=utf8mb4 COLLATE=utf8mb4_general_ci;

INSERT INTO `post` (`id`, `date`, `text`, `community_id`, `writer_id`, `activity_id`) VALUES ('a6efcc7c-0dcd-4be4-9120-1547e92686b4', '2016-03-25 06:38:59', 'Et voluptas debitis blanditiis voluptas. Quisquam officiis hic id impedit ipsam minus dolorem. Quis facilis cumque aut vel et. Qui qui dolores quisquam consequatur hic ex rerum.', '885bdc55-c26c-466c-8184-2b258c138650', 'd4a3e42e-10a1-4fa8-b2e8-fde888e98247', '8a9641c2-8cd2-4cd6-ab11-513896c28d30');
INSERT INTO `post` (`id`, `date`, `text`, `community_id`, `writer_id`, `activity_id`) VALUES ('fbc46495-327b-452a-94c4-6cae2a252e1f', '1973-08-13 08:17:15', 'Sed vero quia minima fugiat deleniti sapiente. Modi qui culpa quis recusandae consequatur natus. Cumque sit non beatae nesciunt consequatur nobis.', '2631e59b-fcad-43a8-b7fb-5a9f13b3f7d3', '563c93a2-651b-4e03-8a54-9db8d75e89a6', '38d9ad93-e213-43d6-b0f6-d1ababf1e48d');
INSERT INTO `post` (`id`, `date`, `text`, `community_id`, `writer_id`, `activity_id`) VALUES ('21e59bf7-5523-43aa-b4ac-51a461892ae4', '2002-09-25 15:42:29', 'Id cum incidunt quos expedita neque. Neque necessitatibus sed magni. Eveniet qui labore quia quo earum et voluptate. Aperiam ut aliquid voluptas facilis in.', 'fd18456b-68aa-4d3d-9752-736df48c8371', 'bb4a5929-0e0e-470b-9b5c-ed3854ab48a4', '2c28d53b-0d7a-482d-87d3-2295b5be913f');
INSERT INTO `post` (`id`, `date`, `text`, `community_id`, `writer_id`, `activity_id`) VALUES ('218fb09e-b827-4f96-8a03-3cddc1c6b44e', '1983-05-10 06:52:11', 'Occaecati molestiae minus sequi eveniet facilis rem vero. Beatae dolorem sint dolores. Eaque quia molestiae voluptatibus blanditiis ipsa. Consequatur itaque error id magnam.', '1e5411e4-07ee-4ff2-8a5d-9e534ae3216a', '7de1e118-b2c8-441d-a44c-bcf3a9167f68', '0876bfcf-80a8-40da-9810-079b9819df5d');
INSERT INTO `post` (`id`, `date`, `text`, `community_id`, `writer_id`, `activity_id`) VALUES ('7433e796-e7e3-4b3d-aa2a-c26ae558c594', '1995-05-13 01:53:06', 'Dignissimos suscipit id aliquam quae tempore dolores. Tenetur cupiditate repudiandae mollitia eius fuga culpa et. Sed optio sunt ducimus.', '5fe622c0-254b-4cdf-9419-495e71724362', '1eebe34d-a05b-4ff1-a18c-918ba8e3881c', 'd1d48d02-3652-4bf6-9c86-1eb11bb538ef');
INSERT INTO `post` (`id`, `date`, `text`, `community_id`, `writer_id`, `activity_id`) VALUES ('e598bfa9-0386-439c-8cc5-015a6ef28719', '1976-05-04 12:30:48', 'Ratione totam aliquam quo sapiente odit. Unde deleniti tempore dolorum ipsa quia pariatur explicabo. Dignissimos eos ex illum ab. Labore autem minus necessitatibus quidem vitae possimus ut.', '0db1d8a6-0b59-434f-9669-7e1535bb50a7', '44470bff-dda0-4026-adc2-3f76c8bec0fa', '64e40a76-0717-436b-96c3-e5fca3478025');
INSERT INTO `post` (`id`, `date`, `text`, `community_id`, `writer_id`, `activity_id`) VALUES ('3f811505-babd-417b-b9c3-079c55039f29', '2015-01-07 11:15:45', 'Et at voluptas vitae sed autem voluptates. Dolorem molestias voluptas excepturi sit ut cum aperiam.', '5dacb263-9582-4254-9b24-0b7b2ef83fff', 'aa44e245-fe1e-47d7-9361-2d25fdb9f463', '5b8fd793-af97-4c79-969f-841520b50bd0');
INSERT INTO `post` (`id`, `date`, `text`, `community_id`, `writer_id`, `activity_id`) VALUES ('4091c590-d4d2-4cc9-a3f5-6ca633b4d93b', '2023-09-04 19:06:05', 'Odit nobis quidem odit. Autem illum aut saepe rerum molestiae accusantium nesciunt. Illum aut commodi incidunt consequuntur. Unde voluptas ipsum omnis sed.', 'af66f2f8-6010-4e1a-848a-5488c464d70c', '11bf312d-c7d5-4b3d-a1e6-37de65b66017', '9e6fcfc6-ae99-44c5-8e8f-91889fff33e4');
INSERT INTO `post` (`id`, `date`, `text`, `community_id`, `writer_id`, `activity_id`) VALUES ('2681ea93-2a2a-4173-b73b-15a7e92077e4', '2017-09-12 23:03:26', 'Debitis saepe ea aliquam minus iste qui explicabo dignissimos. Reiciendis dolores corporis molestiae aspernatur cupiditate. Nemo tempora quisquam similique dicta dicta possimus soluta velit.', '6913a7c2-6626-4c46-8f48-1a6b0ef65940', '685c3ace-c422-4621-b96e-760d9ab34c70', 'd2d221dd-a0aa-4ddf-ab0f-f5b62937980d');
INSERT INTO `post` (`id`, `date`, `text`, `community_id`, `writer_id`, `activity_id`) VALUES ('42f92dc7-c669-4ec8-88ff-834d1045efbc', '1974-02-28 14:21:36', 'Itaque magnam et atque nemo nulla nesciunt autem. Eligendi quia adipisci reiciendis suscipit ipsum doloribus. Consequatur illo a alias non.', '96435e9b-2e77-491d-89c5-c58fc34a5b16', '65256574-380d-4a9e-9eb6-bd301988637d', 'c5ee5eeb-1e2a-4c57-9a2d-b35253688df0');
INSERT INTO `post` (`id`, `date`, `text`, `community_id`, `writer_id`, `activity_id`) VALUES ('2a030baa-ef64-4f88-9a68-9c2c8fdbe206', '1972-01-20 08:51:36', 'Voluptate et velit rerum optio temporibus reprehenderit. Impedit voluptas qui expedita officia similique consectetur pariatur. Esse voluptatem et excepturi.', 'd9159eeb-0909-4d05-a5ec-66ef218f6e2f', '280ca6d1-3129-4dfb-8b4e-2eef77fd8955', 'dce2b73b-8f8e-4b2c-b9cb-05875af800af');
INSERT INTO `post` (`id`, `date`, `text`, `community_id`, `writer_id`, `activity_id`) VALUES ('29916e22-65cb-475e-b83f-8105f8f037f3', '1979-04-13 14:34:15', 'Quo delectus veritatis sed quam. Voluptatem debitis est ut consequuntur temporibus reprehenderit. Id cum qui animi fugit.', '86214e80-c75c-4452-a7d9-54cde973340b', '5c372c7f-ee1f-4f3f-acb5-66d4af92dd92', '48f4fe7a-2783-450e-90a2-2d8d7d168e36');
INSERT INTO `post` (`id`, `date`, `text`, `community_id`, `writer_id`, `activity_id`) VALUES ('19bc7c64-e35a-4694-a839-e89d6f994e31', '2002-03-24 12:25:08', 'Fuga dolorem soluta sequi omnis et quo. Vero eveniet quis qui alias. Qui vel deleniti quia magni at neque nobis odit. Sit odio ut placeat deserunt. Sunt et aperiam omnis laborum sed est excepturi.', '5aba9d42-1db5-494b-bae7-f180d73029f1', '091a22c5-d35f-4405-96b3-45dea13ffb9a', '692317f0-f445-4c95-8f2d-5b25933ae1f2');
INSERT INTO `post` (`id`, `date`, `text`, `community_id`, `writer_id`, `activity_id`) VALUES ('05be989d-6c7a-49a2-a284-1c3dded86d34', '1995-09-11 18:21:27', 'Iure perferendis explicabo optio ut cupiditate. Ipsum corporis similique error aspernatur eius omnis. Facere animi voluptatem dicta et quam culpa.', '3a878ddd-a760-4ef9-bdfe-19ded32a99bf', '12b85cb9-9745-42f6-bb53-f08aace2551b', 'abba8f01-3297-451d-9838-a66a36dea611');
INSERT INTO `post` (`id`, `date`, `text`, `community_id`, `writer_id`, `activity_id`) VALUES ('18b545dd-aea7-4cce-8b29-3f10d14e3f5a', '1971-04-09 19:20:10', 'Et alias facere accusamus accusamus culpa quia dolore. Laboriosam laudantium autem sed dolor et praesentium illum. Id cupiditate eligendi cum sint totam qui.', '4c684c0d-1226-4d44-a457-ca2bab6695f7', '1d0b8d09-20c8-46f1-8fd8-203842215768', 'b4f58ee4-fa14-4073-86ce-c9af9470bce8');
INSERT INTO `post` (`id`, `date`, `text`, `community_id`, `writer_id`, `activity_id`) VALUES ('7000d7e7-3f78-4941-b04f-e5e87392c6f9', '2009-10-15 23:02:54', 'Et voluptatum provident et reprehenderit. Soluta est saepe incidunt quo deleniti. Aut beatae voluptates autem aliquid. Hic reiciendis alias beatae.', '885bdc55-c26c-466c-8184-2b258c138650', '2a3cbef5-3403-41a7-9bde-5d317ee4a274', '35cdbc78-0a48-4e29-acdd-1b3b9b7d3450');
INSERT INTO `post` (`id`, `date`, `text`, `community_id`, `writer_id`, `activity_id`) VALUES ('c3c6ff72-108c-46db-acc9-00510a6c78b4', '2003-03-31 00:26:38', 'Explicabo sint odit rerum iusto consequuntur accusamus repudiandae sit. Nihil molestiae repellendus quasi voluptatum voluptas sapiente nesciunt. Quae sit assumenda est sint.', '2631e59b-fcad-43a8-b7fb-5a9f13b3f7d3', '43f8f46e-6b18-45f8-b97a-5d66283b9897', '77593671-60a1-47f8-947e-d571cf802b78');
INSERT INTO `post` (`id`, `date`, `text`, `community_id`, `writer_id`, `activity_id`) VALUES ('e01abf2f-9093-4ca8-af90-f333e908cdda', '1985-07-19 09:26:04', 'Odit optio qui in sunt et. Sed non incidunt mollitia earum nesciunt quia et aut. Accusantium perferendis et molestiae provident velit. Dicta rerum totam quia exercitationem.', 'fd18456b-68aa-4d3d-9752-736df48c8371', '530c0a83-4926-4a50-876a-d7338aa06382', 'f1ef7b85-994c-4ade-9932-a67969c767d3');
INSERT INTO `post` (`id`, `date`, `text`, `community_id`, `writer_id`, `activity_id`) VALUES ('f49ccb3c-65e3-40cf-9c0e-e5c9de24a60f', '1973-01-28 17:12:48', 'Occaecati fugit sequi atque dolore sed non amet. Fugiat ut voluptatem corrupti repellat quis rerum. Voluptatem explicabo ab omnis repellat corrupti. Voluptatem consequatur earum et.', '1e5411e4-07ee-4ff2-8a5d-9e534ae3216a', 'bf1a54fc-9ef0-4679-b3d9-f904c422460e', 'ddf683dc-0cb2-426d-9129-ec82c0a37d61');
INSERT INTO `post` (`id`, `date`, `text`, `community_id`, `writer_id`, `activity_id`) VALUES ('85cb2fac-b8e6-48a4-abda-556b9f602b7e', '2016-12-17 04:02:32', 'Tempore assumenda autem accusantium nihil nisi. Pariatur et magnam autem. Est quidem qui omnis ratione iusto ut dolore esse. Labore quam enim eos est eos est sit.', '5fe622c0-254b-4cdf-9419-495e71724362', 'da3dcc24-21c7-4064-8829-12d1c3b74993', 'ff18872d-16e2-4d72-a4c5-e1da4afcb177');
INSERT INTO `post` (`id`, `date`, `text`, `community_id`, `writer_id`, `activity_id`) VALUES ('7660d0d7-efa6-49ae-acc0-efe7a72f8f02', '2014-01-05 00:40:18', 'Sint distinctio commodi saepe est et voluptas. Id voluptas veritatis vitae rerum eius eum.', '0db1d8a6-0b59-434f-9669-7e1535bb50a7', '278e1ef4-ece8-4832-8c4f-7884bede7f4d', 'cf279f20-a72f-4521-8399-9f6d396e1ba3');
INSERT INTO `post` (`id`, `date`, `text`, `community_id`, `writer_id`, `activity_id`) VALUES ('933c4ff0-6217-4515-8487-ed364457dd39', '1992-08-31 01:32:48', 'Aspernatur architecto quidem mollitia explicabo nostrum non perspiciatis. Numquam rerum voluptas delectus itaque. Reiciendis ipsa non veniam ducimus. Itaque quae cumque neque.', '5dacb263-9582-4254-9b24-0b7b2ef83fff', 'b5c0c008-7a08-49aa-ac65-712c557c626e', '7b46f17e-6ae5-4c27-9ec7-e2d4eae3fb27');
INSERT INTO `post` (`id`, `date`, `text`, `community_id`, `writer_id`, `activity_id`) VALUES ('9631878e-497f-4807-a894-df9dcfb014a0', '2007-03-09 08:48:10', 'Optio sequi delectus quo iure sed voluptatibus. Minima illum ea at et. Dignissimos eligendi ipsam quisquam nemo nisi enim. Dolorem magni mollitia sed voluptates autem.', 'af66f2f8-6010-4e1a-848a-5488c464d70c', '310e715d-f51a-46cf-aee6-c9d2d3d3ba0f', 'f9e8019c-fb98-49a7-a2e3-2414479dcded');
INSERT INTO `post` (`id`, `date`, `text`, `community_id`, `writer_id`, `activity_id`) VALUES ('62902ef5-06d2-4cd2-a1d5-15d320892145', '1984-01-09 05:49:16', 'Quas voluptatem voluptates hic soluta magnam numquam sunt. Ea beatae facilis dolore adipisci eum voluptas voluptatem. Quia qui omnis maxime voluptatum.', '6913a7c2-6626-4c46-8f48-1a6b0ef65940', 'ed2841b8-9be0-43f6-8e69-a24cab7528c4', 'a2672d8a-8a70-43da-abef-6744eed41675');
INSERT INTO `post` (`id`, `date`, `text`, `community_id`, `writer_id`, `activity_id`) VALUES ('c2c53fc1-b424-4776-b1ea-bffd9db8b19d', '1984-08-01 12:57:00', 'Et occaecati eligendi sequi officia impedit qui consequuntur. Laborum veritatis aut quos.\nQuod expedita minima deleniti. Qui sed voluptate et hic eos.', '885bdc55-c26c-466c-8184-2b258c138650', '55f64565-fb17-4243-a55c-eff674012e93', '0bd6e8f4-4d89-4f78-9a66-b7a70124bf1b');
INSERT INTO `post` (`id`, `date`, `text`, `community_id`, `writer_id`, `activity_id`) VALUES ('1003831a-c895-4a20-959f-ceb03e0c28d5', '2004-08-30 14:57:13', 'Non ad labore voluptatem quia eum. Saepe est et blanditiis laborum voluptate tempora excepturi. Quia mollitia omnis dicta autem qui illum.', '2631e59b-fcad-43a8-b7fb-5a9f13b3f7d3', 'd4a3e42e-10a1-4fa8-b2e8-fde888e98247', '95f6ac4d-3579-46b0-8d95-72f2363ee1b4');
INSERT INTO `post` (`id`, `date`, `text`, `community_id`, `writer_id`, `activity_id`) VALUES ('684a9599-7422-462a-b8a6-b1451ca844d5', '2005-08-20 12:56:01', 'Corporis voluptas tenetur eligendi eos. Architecto dolorem dolores aut laudantium repellendus itaque.', 'fd18456b-68aa-4d3d-9752-736df48c8371', '563c93a2-651b-4e03-8a54-9db8d75e89a6', 'c6fabfeb-4d30-4e05-b112-6cdf39c160b0');
INSERT INTO `post` (`id`, `date`, `text`, `community_id`, `writer_id`, `activity_id`) VALUES ('ae0e28a0-e5ca-44ca-be50-e4def6637d79', '2006-07-02 00:30:09', 'Vel dolores atque et soluta et. Fuga sint natus veniam tenetur vel. Officia voluptatem sint modi quis.', '1e5411e4-07ee-4ff2-8a5d-9e534ae3216a', 'bb4a5929-0e0e-470b-9b5c-ed3854ab48a4', '524e5245-36c8-436c-98a2-674c19ae0b04');
INSERT INTO `post` (`id`, `date`, `text`, `community_id`, `writer_id`, `activity_id`) VALUES ('6a8cd71c-b1e1-4f57-890a-ab6835c3e9a3', '2023-07-11 04:30:51', 'Tenetur modi et ea perspiciatis vel cupiditate. Quibusdam aperiam amet reiciendis maiores quisquam est.', '5fe622c0-254b-4cdf-9419-495e71724362', '7de1e118-b2c8-441d-a44c-bcf3a9167f68', '164a4c77-e2d7-48bd-ab58-1954105e2ff6');
INSERT INTO `post` (`id`, `date`, `text`, `community_id`, `writer_id`, `activity_id`) VALUES ('5f017f35-8f4c-4eaf-9160-a7333784d0d3', '2016-04-01 09:56:11', 'Officiis cum sint dicta eligendi accusamus. Dolorem dolores deserunt eligendi quis id dolor et. Veniam id id doloribus similique. Iure voluptas enim facere odit aut quam.', '0db1d8a6-0b59-434f-9669-7e1535bb50a7', '1eebe34d-a05b-4ff1-a18c-918ba8e3881c', 'c414b5b1-1771-4565-bd3e-b11ad0e8e692');
INSERT INTO `post` (`id`, `date`, `text`, `community_id`, `writer_id`, `activity_id`) VALUES ('256cfb29-3df0-48af-8193-784492653727', '1987-12-04 08:59:27', 'Asperiores adipisci et cupiditate voluptatem. Vitae nihil impedit beatae omnis. Quas distinctio minus dolorem facere sit voluptates. Nulla esse dolorem corrupti quis qui.', '5dacb263-9582-4254-9b24-0b7b2ef83fff', '44470bff-dda0-4026-adc2-3f76c8bec0fa', '6b3a4b42-adfd-40c6-8bcb-3765d1b91f0e');
INSERT INTO `post` (`id`, `date`, `text`, `community_id`, `writer_id`, `activity_id`) VALUES ('dfe0d74e-ded0-4cb2-9552-26911ac56223', '2023-10-20 22:22:28', 'Omnis dicta reprehenderit et mollitia. Officiis amet quidem numquam ut harum. Beatae tenetur amet eos assumenda doloribus sequi. Nobis fuga ea enim eveniet.', 'af66f2f8-6010-4e1a-848a-5488c464d70c', 'aa44e245-fe1e-47d7-9361-2d25fdb9f463', 'abea9717-d11f-42c8-b927-a35eb78502cf');
INSERT INTO `post` (`id`, `date`, `text`, `community_id`, `writer_id`, `activity_id`) VALUES ('e5d89c24-8d10-4e33-ad56-6490912c188b', '2014-11-09 02:52:07', 'Molestiae nobis dolorum eum assumenda voluptas est et. Voluptatum quae repellendus sequi quis tempora fugit quos.', '6913a7c2-6626-4c46-8f48-1a6b0ef65940', '11bf312d-c7d5-4b3d-a1e6-37de65b66017', '940fdde3-14fc-468e-8c4e-b552072724de');
INSERT INTO `post` (`id`, `date`, `text`, `community_id`, `writer_id`, `activity_id`) VALUES ('07d5a5ee-fa1b-4cd3-8554-cf8c4112a039', '1981-03-16 03:32:20', 'Illo dicta rerum soluta ipsam aperiam ea modi. Ea et consectetur expedita enim porro voluptates. Doloribus deleniti et a atque itaque. Soluta nihil exercitationem in iste.', '885bdc55-c26c-466c-8184-2b258c138650', '685c3ace-c422-4621-b96e-760d9ab34c70', '99d8d8e8-37bb-4186-8026-f6070bb700e6');
INSERT INTO `post` (`id`, `date`, `text`, `community_id`, `writer_id`, `activity_id`) VALUES ('53023f19-d052-45ce-9cf6-e78a4a955c14', '1992-08-05 17:54:29', 'Commodi similique hic omnis voluptate. Quia asperiores ut in rerum.\nQuam dolor soluta quo aut. Et deleniti aliquid ex omnis minima nam. Tenetur dolores alias aut ad.', '2631e59b-fcad-43a8-b7fb-5a9f13b3f7d3', '65256574-380d-4a9e-9eb6-bd301988637d', '5253fdde-c011-4826-94ea-cc5ee580fe58');
INSERT INTO `post` (`id`, `date`, `text`, `community_id`, `writer_id`, `activity_id`) VALUES ('3de7f64f-b928-4913-893a-280e7f50ce61', '2017-08-09 09:47:47', 'Incidunt quo nam sunt fugiat unde. Eligendi ipsa saepe sunt odit nobis alias. Reiciendis rerum voluptas dolorem eveniet est.', 'fd18456b-68aa-4d3d-9752-736df48c8371', '280ca6d1-3129-4dfb-8b4e-2eef77fd8955', 'dab99545-0eda-4bd6-97de-86f79e11b14a');
INSERT INTO `post` (`id`, `date`, `text`, `community_id`, `writer_id`, `activity_id`) VALUES ('70518923-703e-42b0-bf3f-9c071e4b01cd', '2001-08-31 17:15:58', 'Dicta eveniet autem sint et reprehenderit ad sint. Recusandae in dolorum recusandae earum beatae tenetur. Nulla adipisci repellat optio.', '1e5411e4-07ee-4ff2-8a5d-9e534ae3216a', '5c372c7f-ee1f-4f3f-acb5-66d4af92dd92', 'ecc8b8b8-fdcb-4f8d-94ee-b07c35e6fc83');
INSERT INTO `post` (`id`, `date`, `text`, `community_id`, `writer_id`, `activity_id`) VALUES ('b8a7cd0e-e20c-494c-91c6-734267274a93', '1999-12-14 18:20:28', 'Asperiores autem voluptatem et reiciendis. Qui nisi numquam ratione. Numquam voluptatem quisquam dolores deserunt. Hic et nisi dolores excepturi.', '5fe622c0-254b-4cdf-9419-495e71724362', '091a22c5-d35f-4405-96b3-45dea13ffb9a', 'c557d46a-7cf1-4628-bc15-7bf02dff9663');
INSERT INTO `post` (`id`, `date`, `text`, `community_id`, `writer_id`, `activity_id`) VALUES ('15ea8961-4ab7-45b0-865a-d034486baa05', '1974-10-11 01:34:26', 'Numquam blanditiis porro qui. Possimus eum sed vero inventore aut error. Deserunt sed totam perferendis aut consequatur est. Cum omnis expedita ea doloribus temporibus voluptas.', '0db1d8a6-0b59-434f-9669-7e1535bb50a7', '12b85cb9-9745-42f6-bb53-f08aace2551b', '8bc3175b-3f2a-4c66-b33a-2db06908fa80');
INSERT INTO `post` (`id`, `date`, `text`, `community_id`, `writer_id`, `activity_id`) VALUES ('795c5bd0-ac34-442d-ab7d-43669b1cbbe6', '2022-12-23 16:31:07', 'Libero dolores rerum odio voluptas adipisci. Sequi ut aut nihil dolore voluptatum. Perferendis minus eum illum ea exercitationem eos. Eos et ut autem reprehenderit.', '5dacb263-9582-4254-9b24-0b7b2ef83fff', '1d0b8d09-20c8-46f1-8fd8-203842215768', 'b8084ccc-721f-4fcd-9de2-bd67dd77b3ca');
INSERT INTO `post` (`id`, `date`, `text`, `community_id`, `writer_id`, `activity_id`) VALUES ('5f7453b0-2a55-44d4-b9fb-d6abfeb69f12', '1985-10-06 01:44:35', 'Magni necessitatibus incidunt ut aspernatur. Sed veniam quae sit.', 'af66f2f8-6010-4e1a-848a-5488c464d70c', '2a3cbef5-3403-41a7-9bde-5d317ee4a274', '24fd1d86-2a33-4ccc-b927-2392b27fc77b');
INSERT INTO `post` (`id`, `date`, `text`, `community_id`, `writer_id`, `activity_id`) VALUES ('b4ca2456-7b31-4e00-ace2-27a9513624fb', '1981-01-28 12:29:26', 'Quam nam ut molestiae cumque praesentium numquam. Voluptates temporibus fuga aut nihil est commodi natus. Ratione a nesciunt consequuntur ipsa debitis quasi. Sit nisi incidunt qui nemo.', '6913a7c2-6626-4c46-8f48-1a6b0ef65940', '43f8f46e-6b18-45f8-b97a-5d66283b9897', 'e8235e3c-1a25-4309-bf22-4276e03418d9');
INSERT INTO `post` (`id`, `date`, `text`, `community_id`, `writer_id`, `activity_id`) VALUES ('24c5f1c6-6a30-480b-a46f-50e1068d5892', '2001-10-09 11:53:02', 'Delectus nihil quas molestiae laboriosam autem nihil aut. Laboriosam velit quidem nihil repellat. Eveniet eum adipisci illum possimus est eos dolorem.', '96435e9b-2e77-491d-89c5-c58fc34a5b16', '530c0a83-4926-4a50-876a-d7338aa06382', '773f0885-d89d-46ad-aa04-8f83569060f3');
INSERT INTO `post` (`id`, `date`, `text`, `community_id`, `writer_id`, `activity_id`) VALUES ('8b50b3bd-69f9-42de-837c-a96c7d4d038d', '1972-04-13 20:24:55', 'Illum enim voluptatum doloribus pariatur dolor. Cumque rerum magnam dolorem tempora est harum. Aut dolorum ut repellendus voluptas.', 'd9159eeb-0909-4d05-a5ec-66ef218f6e2f', 'bf1a54fc-9ef0-4679-b3d9-f904c422460e', '6dac64ca-9f18-43b5-b9b2-625072e5839f');
INSERT INTO `post` (`id`, `date`, `text`, `community_id`, `writer_id`, `activity_id`) VALUES ('ce86a311-4aef-4992-a11a-5f6ae479578a', '1996-07-07 09:31:23', 'Id magni qui ut repudiandae placeat distinctio quia. Perspiciatis fugit quas iste pariatur dolorem velit voluptas. Reprehenderit non omnis molestias maxime voluptas. Et ipsam vero aut et enim autem.', '885bdc55-c26c-466c-8184-2b258c138650', 'da3dcc24-21c7-4064-8829-12d1c3b74993', 'dc235239-c6c6-466e-8e41-5e5b09045561');
INSERT INTO `post` (`id`, `date`, `text`, `community_id`, `writer_id`, `activity_id`) VALUES ('a4e0c631-ed7f-459c-9026-6d35aaa5698c', '1972-06-12 21:15:55', 'Eius officiis doloribus temporibus magni. Possimus cupiditate velit nobis amet quod harum cum. Animi voluptas natus molestias nihil occaecati voluptatem.', '2631e59b-fcad-43a8-b7fb-5a9f13b3f7d3', '278e1ef4-ece8-4832-8c4f-7884bede7f4d', '869eb829-4ac6-48be-82e1-7b01d17dcbf7');
INSERT INTO `post` (`id`, `date`, `text`, `community_id`, `writer_id`, `activity_id`) VALUES ('9c395e0f-17f6-445e-9d47-20e17e93a255', '2015-01-04 05:34:24', 'Numquam est recusandae nihil quas maxime provident non. Suscipit dolorum ut maxime et consequatur. Quidem sed corrupti vel voluptatem quasi ducimus veniam.', 'fd18456b-68aa-4d3d-9752-736df48c8371', 'b5c0c008-7a08-49aa-ac65-712c557c626e', '909174ae-917b-48f6-8a95-9e9323844b29');
INSERT INTO `post` (`id`, `date`, `text`, `community_id`, `writer_id`, `activity_id`) VALUES ('a7eac7e6-4a64-4b28-a033-038fdc70cba3', '2015-07-14 07:53:32', 'Nesciunt sunt exercitationem magnam consectetur sint consequatur et. Velit laborum quo distinctio veniam dignissimos. Eaque quibusdam eos rerum voluptatum harum cupiditate sint.', '1e5411e4-07ee-4ff2-8a5d-9e534ae3216a', '310e715d-f51a-46cf-aee6-c9d2d3d3ba0f', 'f2166093-9f3b-43ad-a9f3-914b736405c9');
INSERT INTO `post` (`id`, `date`, `text`, `community_id`, `writer_id`, `activity_id`) VALUES ('c4cbace4-ebae-4441-9994-f155765113ce', '2001-11-29 13:55:22', 'Qui tenetur dolorem quasi culpa velit nobis. Voluptatem excepturi veritatis dolorem sed ipsam. Ex qui qui vel laudantium. Sit earum est mollitia ipsum voluptatum eveniet.', '5fe622c0-254b-4cdf-9419-495e71724362', 'ed2841b8-9be0-43f6-8e69-a24cab7528c4', 'f102d6cc-118b-4f25-b419-64b97af6faba');
INSERT INTO `post` (`id`, `date`, `text`, `community_id`, `writer_id`, `activity_id`) VALUES ('5f33264c-209c-473a-846d-2ea8ddafd399', '2009-03-01 21:41:23', 'Quidem ratione nam vel eos. Natus ab ducimus doloribus. Laudantium iste voluptatum officiis commodi et odio voluptates. Qui incidunt error dignissimos molestiae enim aliquam.', '0db1d8a6-0b59-434f-9669-7e1535bb50a7', '55f64565-fb17-4243-a55c-eff674012e93', 'f9e49e52-7b5b-4861-b037-80ae5dcf537e');
INSERT INTO `post` (`id`, `date`, `text`, `community_id`, `writer_id`, `activity_id`) VALUES ('1b2b324b-a9da-4f2b-a9cd-cb62289bbb1e', '2004-06-16 12:44:24', 'Quidem molestias qui fugit voluptates ut vero. Ea magni consequatur debitis voluptas. Voluptas et vel maiores libero maxime consequuntur fugiat.', '5dacb263-9582-4254-9b24-0b7b2ef83fff', 'd4a3e42e-10a1-4fa8-b2e8-fde888e98247', '6a57ef4e-b75b-4911-9527-372ae338de52');
INSERT INTO `post` (`id`, `date`, `text`, `community_id`, `writer_id`, `activity_id`) VALUES ('a0861b2c-ff5d-4eb3-9a2c-77f445c4ff01', '1979-01-30 05:55:24', 'Minima et cumque ut quidem nam accusantium placeat. Quo error ut optio minus omnis qui et. Autem fuga sit repellendus nemo est omnis eum.', 'af66f2f8-6010-4e1a-848a-5488c464d70c', '563c93a2-651b-4e03-8a54-9db8d75e89a6', '336be7c4-3f10-4219-9b76-62ba9bf3f0ac');
INSERT INTO `post` (`id`, `date`, `text`, `community_id`, `writer_id`, `activity_id`) VALUES ('fe5dc86c-498c-47d6-bb42-9b1e16a59f82', '2017-06-27 08:36:10', 'Sit corrupti laudantium debitis. Atque recusandae quisquam tempora. Et nostrum vitae distinctio non. Facere porro et rerum eos alias in minus.', '6913a7c2-6626-4c46-8f48-1a6b0ef65940', 'bb4a5929-0e0e-470b-9b5c-ed3854ab48a4', '3287fb2c-5908-49e3-b88f-9320b7a240ca');
INSERT INTO `post` (`id`, `date`, `text`, `community_id`, `writer_id`, `activity_id`) VALUES ('bfc54451-6bcb-4df4-9bc5-2bd9e730ee6f', '1983-10-27 02:31:18', 'Inventore necessitatibus odio quaerat harum sint nihil. Non consequuntur eaque architecto maxime. Unde fuga animi mollitia incidunt in repellat sed.', '96435e9b-2e77-491d-89c5-c58fc34a5b16', '7de1e118-b2c8-441d-a44c-bcf3a9167f68', 'd88171b4-48f1-4426-80b2-d238757e068f');
INSERT INTO `post` (`id`, `date`, `text`, `community_id`, `writer_id`, `activity_id`) VALUES ('964be3bc-4ab9-4b9f-95a2-5efb62b6bb21', '2015-10-10 08:37:23', 'Reprehenderit rerum ad officiis qui. In asperiores consequatur nobis omnis. Et occaecati ab beatae ex corrupti ut.', 'd9159eeb-0909-4d05-a5ec-66ef218f6e2f', '1eebe34d-a05b-4ff1-a18c-918ba8e3881c', 'f906aac4-3cb5-443c-b2d1-56a43298c3f0');
INSERT INTO `post` (`id`, `date`, `text`, `community_id`, `writer_id`, `activity_id`) VALUES ('a6e2f133-d7cb-4e5e-9fc8-f04b31e569aa', '1979-08-13 01:28:44', 'Est quibusdam fugiat laudantium impedit beatae tempore. Nisi omnis sed veritatis eius et. Velit voluptas voluptatem totam dolor.\nEst quibusdam dolores ut rerum. Eum dicta iure deleniti.', '86214e80-c75c-4452-a7d9-54cde973340b', '44470bff-dda0-4026-adc2-3f76c8bec0fa', 'f8ced395-884d-4aea-a1b7-22bf14e1168c');
INSERT INTO `post` (`id`, `date`, `text`, `community_id`, `writer_id`, `activity_id`) VALUES ('2c6c12cc-fc89-4fce-b252-f06ebd1a10aa', '2005-07-14 16:43:02', 'Non sequi reprehenderit consequatur sit. Eos quasi cum eligendi esse molestiae adipisci. Nostrum alias nihil dolor excepturi enim. Et deleniti doloribus dolorum quae ut.', '5aba9d42-1db5-494b-bae7-f180d73029f1', 'aa44e245-fe1e-47d7-9361-2d25fdb9f463', 'cb4bf56f-fa54-49e9-b68e-d8644b02426e');
INSERT INTO `post` (`id`, `date`, `text`, `community_id`, `writer_id`, `activity_id`) VALUES ('e41d93c9-3118-4c1a-84b5-9291b61994d8', '2009-12-08 00:50:41', 'Fugiat magnam alias doloremque. Sit reprehenderit aperiam possimus adipisci non iste inventore. Magnam dolor officiis iusto molestias. Quos eligendi ipsa veniam quia et.', '885bdc55-c26c-466c-8184-2b258c138650', '11bf312d-c7d5-4b3d-a1e6-37de65b66017', '8bc78301-5db2-4c66-ba29-c8c0e61cccee');
INSERT INTO `post` (`id`, `date`, `text`, `community_id`, `writer_id`, `activity_id`) VALUES ('d682abb3-4aae-4752-a7dc-46bcd7ca1de9', '2019-05-06 04:24:06', 'Laborum aperiam aut et deleniti. Ea tempora illum amet aut dolorum. Perspiciatis hic ipsam ut laudantium eos et velit. Labore consequatur molestias culpa aut possimus.', '2631e59b-fcad-43a8-b7fb-5a9f13b3f7d3', '685c3ace-c422-4621-b96e-760d9ab34c70', '926360ca-ae7a-4a3a-ac65-c3cc9755d148');
INSERT INTO `post` (`id`, `date`, `text`, `community_id`, `writer_id`, `activity_id`) VALUES ('5bde3b99-8e34-46ae-bed5-628ffa2309dd', '1996-01-26 17:00:08', 'Veniam harum autem ratione asperiores. Vitae nostrum at ratione ipsam delectus aliquam eum. Facere perferendis ut nisi sed illo. Omnis est non voluptas.', 'fd18456b-68aa-4d3d-9752-736df48c8371', '65256574-380d-4a9e-9eb6-bd301988637d', 'dddfabe0-2878-48db-ae28-c1483185df3c');
INSERT INTO `post` (`id`, `date`, `text`, `community_id`, `writer_id`, `activity_id`) VALUES ('45f6659f-7e1c-48e3-a553-406776f69320', '2020-07-10 05:53:52', 'Placeat omnis necessitatibus aspernatur impedit magni perspiciatis. Voluptate fuga rerum dignissimos est quibusdam velit tempora sunt. Quisquam qui saepe dolores mollitia nemo exercitationem.', '1e5411e4-07ee-4ff2-8a5d-9e534ae3216a', '280ca6d1-3129-4dfb-8b4e-2eef77fd8955', '8a9641c2-8cd2-4cd6-ab11-513896c28d30');
INSERT INTO `post` (`id`, `date`, `text`, `community_id`, `writer_id`, `activity_id`) VALUES ('efe57ff1-e8d9-434b-b5f9-9661edc3a805', '2022-12-19 02:54:49', 'Corrupti maxime iure aut consequuntur tenetur. Voluptatem et dolorem voluptas dicta quam reiciendis qui.', '5fe622c0-254b-4cdf-9419-495e71724362', '5c372c7f-ee1f-4f3f-acb5-66d4af92dd92', '38d9ad93-e213-43d6-b0f6-d1ababf1e48d');
INSERT INTO `post` (`id`, `date`, `text`, `community_id`, `writer_id`, `activity_id`) VALUES ('57b1f16c-3b5d-484b-9950-47826facc2ee', '2021-01-05 20:58:22', 'Sit nemo assumenda accusantium itaque. Quos reprehenderit voluptatibus voluptas quia. Alias quia fuga aut adipisci eos maxime et. Ex autem amet qui assumenda facere.', '0db1d8a6-0b59-434f-9669-7e1535bb50a7', '091a22c5-d35f-4405-96b3-45dea13ffb9a', '2c28d53b-0d7a-482d-87d3-2295b5be913f');
INSERT INTO `post` (`id`, `date`, `text`, `community_id`, `writer_id`, `activity_id`) VALUES ('c1bc2f3f-f049-478d-999d-9ad8f25c0aeb', '2022-01-13 16:14:05', 'Aliquam vel distinctio ab. Velit autem reiciendis nesciunt et modi accusantium nihil. Illo corrupti maiores aliquid omnis quia rerum.', '5dacb263-9582-4254-9b24-0b7b2ef83fff', '12b85cb9-9745-42f6-bb53-f08aace2551b', '0876bfcf-80a8-40da-9810-079b9819df5d');
INSERT INTO `post` (`id`, `date`, `text`, `community_id`, `writer_id`, `activity_id`) VALUES ('13c1dbba-a959-472b-b94c-676c1dcd48bc', '1985-04-17 10:58:54', 'Nam animi voluptatum omnis amet rerum sint. Nam occaecati vel sit autem. Et et beatae dolorem sit ut. Molestias eum esse ducimus aperiam.', 'af66f2f8-6010-4e1a-848a-5488c464d70c', '1d0b8d09-20c8-46f1-8fd8-203842215768', 'd1d48d02-3652-4bf6-9c86-1eb11bb538ef');
INSERT INTO `post` (`id`, `date`, `text`, `community_id`, `writer_id`, `activity_id`) VALUES ('0180edde-a1d0-4a85-8e6b-f83e8afabeaf', '1972-04-22 03:05:17', 'Commodi et aut expedita ea eligendi qui. Voluptas suscipit et ut et sint architecto. Possimus omnis consequuntur dignissimos sint voluptas repellendus eveniet.', '6913a7c2-6626-4c46-8f48-1a6b0ef65940', '2a3cbef5-3403-41a7-9bde-5d317ee4a274', '64e40a76-0717-436b-96c3-e5fca3478025');
INSERT INTO `post` (`id`, `date`, `text`, `community_id`, `writer_id`, `activity_id`) VALUES ('5dde9fdd-4c94-4a1c-a95c-b95e5ac0e1ec', '2019-06-14 07:54:00', 'Repellendus tempora aut cupiditate incidunt. Et quidem dolorum aut sint. Maiores voluptatem facilis aperiam aut veritatis.', '96435e9b-2e77-491d-89c5-c58fc34a5b16', '43f8f46e-6b18-45f8-b97a-5d66283b9897', '5b8fd793-af97-4c79-969f-841520b50bd0');
INSERT INTO `post` (`id`, `date`, `text`, `community_id`, `writer_id`, `activity_id`) VALUES ('f3bbb6dc-82be-4925-9e56-e77d74b7c918', '2023-10-14 07:22:03', 'Fugiat maiores eaque pariatur deserunt ut sequi architecto. Et ut earum ullam enim ducimus distinctio. Consequatur excepturi minima atque occaecati perferendis qui.', 'd9159eeb-0909-4d05-a5ec-66ef218f6e2f', '530c0a83-4926-4a50-876a-d7338aa06382', '9e6fcfc6-ae99-44c5-8e8f-91889fff33e4');
INSERT INTO `post` (`id`, `date`, `text`, `community_id`, `writer_id`, `activity_id`) VALUES ('a6f4af58-622f-45d1-9204-938ac9f9fa8e', '1981-06-03 06:23:43', 'Quia iure et beatae similique facilis maiores ducimus. Ut quo dolores harum officia veniam expedita nesciunt tempore. Sint sit rerum ex qui.', '885bdc55-c26c-466c-8184-2b258c138650', 'bf1a54fc-9ef0-4679-b3d9-f904c422460e', 'd2d221dd-a0aa-4ddf-ab0f-f5b62937980d');
INSERT INTO `post` (`id`, `date`, `text`, `community_id`, `writer_id`, `activity_id`) VALUES ('1181c77a-b73e-4fd6-8c77-2700908a25b0', '1992-04-06 08:19:31', 'Aliquid praesentium rerum veritatis. Et occaecati qui repudiandae in. Fuga repellat facilis quidem minus. Occaecati ratione qui necessitatibus eveniet.', '2631e59b-fcad-43a8-b7fb-5a9f13b3f7d3', 'da3dcc24-21c7-4064-8829-12d1c3b74993', 'c5ee5eeb-1e2a-4c57-9a2d-b35253688df0');
INSERT INTO `post` (`id`, `date`, `text`, `community_id`, `writer_id`, `activity_id`) VALUES ('c1325b90-f9ec-46a5-9f71-a5137087fc0e', '1982-12-29 09:20:42', 'Enim sed magni dolores voluptate odit. Provident et pariatur sint architecto. Sit inventore laudantium facere laboriosam ipsam asperiores corrupti.', 'fd18456b-68aa-4d3d-9752-736df48c8371', '278e1ef4-ece8-4832-8c4f-7884bede7f4d', 'dce2b73b-8f8e-4b2c-b9cb-05875af800af');
INSERT INTO `post` (`id`, `date`, `text`, `community_id`, `writer_id`, `activity_id`) VALUES ('afc611cd-a870-4467-979b-f3485e7aa691', '2013-01-12 16:30:35', 'Distinctio deserunt animi omnis. Optio recusandae dolores vel aut. Reiciendis soluta unde sapiente et quibusdam perspiciatis assumenda ut. Voluptas soluta ab pariatur temporibus aperiam.', '1e5411e4-07ee-4ff2-8a5d-9e534ae3216a', 'b5c0c008-7a08-49aa-ac65-712c557c626e', '48f4fe7a-2783-450e-90a2-2d8d7d168e36');
INSERT INTO `post` (`id`, `date`, `text`, `community_id`, `writer_id`, `activity_id`) VALUES ('7bd4cc2d-3567-4be7-9871-53f3726a8a40', '2002-07-20 05:52:16', 'Sit magnam officiis laudantium quo possimus nihil. Velit provident qui laudantium vel consectetur. At voluptatem recusandae voluptates.', '5fe622c0-254b-4cdf-9419-495e71724362', '310e715d-f51a-46cf-aee6-c9d2d3d3ba0f', '692317f0-f445-4c95-8f2d-5b25933ae1f2');
INSERT INTO `post` (`id`, `date`, `text`, `community_id`, `writer_id`, `activity_id`) VALUES ('6ed26163-e663-4aa1-888e-ce729d095657', '2020-02-05 13:02:47', 'Illo odio quia eaque ut quia tenetur enim. Magnam reprehenderit ipsam ipsum nam doloremque soluta doloribus. Odit molestiae qui a animi molestiae minus facilis.', '0db1d8a6-0b59-434f-9669-7e1535bb50a7', 'ed2841b8-9be0-43f6-8e69-a24cab7528c4', 'abba8f01-3297-451d-9838-a66a36dea611');
INSERT INTO `post` (`id`, `date`, `text`, `community_id`, `writer_id`, `activity_id`) VALUES ('54a51eb2-e2a3-4a6e-83df-f4fdd9d57e27', '1995-11-20 17:17:46', 'Qui quibusdam tempora sed aut recusandae architecto nihil voluptatem. Magni qui molestiae nostrum maxime aliquam. Voluptates praesentium aut iusto eligendi voluptatibus mollitia fuga ad.', '5dacb263-9582-4254-9b24-0b7b2ef83fff', '55f64565-fb17-4243-a55c-eff674012e93', 'b4f58ee4-fa14-4073-86ce-c9af9470bce8');
INSERT INTO `post` (`id`, `date`, `text`, `community_id`, `writer_id`, `activity_id`) VALUES ('1dbaa238-9631-4898-885a-517dfc6366cd', '2017-07-27 11:31:45', 'Quidem necessitatibus nihil doloremque qui ea. Quisquam repellat dolor voluptas cupiditate optio enim non. Omnis nam sed ipsum unde nisi tempora in.', 'af66f2f8-6010-4e1a-848a-5488c464d70c', 'd4a3e42e-10a1-4fa8-b2e8-fde888e98247', '35cdbc78-0a48-4e29-acdd-1b3b9b7d3450');
INSERT INTO `post` (`id`, `date`, `text`, `community_id`, `writer_id`, `activity_id`) VALUES ('954fe3b5-dba0-40cb-afa0-deb6ea9ba1a1', '2010-03-25 09:52:18', 'Et aperiam eligendi et eveniet debitis. Quis laborum alias occaecati et ab iusto praesentium ut. Ex enim molestiae perferendis ipsam magni.', '6913a7c2-6626-4c46-8f48-1a6b0ef65940', '563c93a2-651b-4e03-8a54-9db8d75e89a6', '77593671-60a1-47f8-947e-d571cf802b78');
INSERT INTO `post` (`id`, `date`, `text`, `community_id`, `writer_id`, `activity_id`) VALUES ('94fc7c9f-28c2-4e38-bed1-e1585c50dddc', '1974-08-27 01:46:55', 'Beatae minus quas iste. Dolore eveniet tenetur officiis culpa dolorem reprehenderit. Quos voluptas nihil et ad omnis incidunt incidunt. Voluptates et sit quia nesciunt natus ut.', '885bdc55-c26c-466c-8184-2b258c138650', 'bb4a5929-0e0e-470b-9b5c-ed3854ab48a4', 'f1ef7b85-994c-4ade-9932-a67969c767d3');
INSERT INTO `post` (`id`, `date`, `text`, `community_id`, `writer_id`, `activity_id`) VALUES ('541e9767-5fb6-4423-a860-69efc999faaa', '2006-01-04 13:07:37', 'Quae qui dolor laboriosam. Libero voluptatibus nesciunt asperiores. Quos iste qui tempore debitis. Sit ipsum praesentium rerum est quidem deserunt sed non.', '2631e59b-fcad-43a8-b7fb-5a9f13b3f7d3', '7de1e118-b2c8-441d-a44c-bcf3a9167f68', 'ddf683dc-0cb2-426d-9129-ec82c0a37d61');
INSERT INTO `post` (`id`, `date`, `text`, `community_id`, `writer_id`, `activity_id`) VALUES ('939cfe18-d1ac-4899-a603-a7af209f7450', '1991-02-04 14:29:17', 'Voluptatem corrupti saepe quisquam voluptas nihil dolore sit. Dolorum incidunt quidem aliquid quae iusto. Eaque est est voluptas. Ea ut voluptatum labore.', 'fd18456b-68aa-4d3d-9752-736df48c8371', '1eebe34d-a05b-4ff1-a18c-918ba8e3881c', 'ff18872d-16e2-4d72-a4c5-e1da4afcb177');
INSERT INTO `post` (`id`, `date`, `text`, `community_id`, `writer_id`, `activity_id`) VALUES ('91493ca1-2af8-4240-9d76-e394a7cc4817', '2021-08-09 16:04:03', 'Sint ipsam iusto odit illo. Veniam reiciendis sed quasi molestiae impedit praesentium veritatis. Non cum facere et possimus.', '1e5411e4-07ee-4ff2-8a5d-9e534ae3216a', '44470bff-dda0-4026-adc2-3f76c8bec0fa', 'cf279f20-a72f-4521-8399-9f6d396e1ba3');
INSERT INTO `post` (`id`, `date`, `text`, `community_id`, `writer_id`, `activity_id`) VALUES ('77f31752-0e06-4e46-8182-c1511968101d', '2011-08-12 07:25:51', 'Earum quo mollitia possimus hic. Ex odit consequatur voluptas molestias dignissimos voluptas ut et. Nemo quis est fuga esse dolor expedita.', '5fe622c0-254b-4cdf-9419-495e71724362', 'aa44e245-fe1e-47d7-9361-2d25fdb9f463', '7b46f17e-6ae5-4c27-9ec7-e2d4eae3fb27');
INSERT INTO `post` (`id`, `date`, `text`, `community_id`, `writer_id`, `activity_id`) VALUES ('75013645-b83e-4133-a154-10407d1d8967', '1981-01-13 21:15:52', 'Dolore repellat omnis quo suscipit. Aliquam itaque enim sapiente possimus error quod vel. Perspiciatis ut velit sit quo.', '0db1d8a6-0b59-434f-9669-7e1535bb50a7', '11bf312d-c7d5-4b3d-a1e6-37de65b66017', 'f9e8019c-fb98-49a7-a2e3-2414479dcded');
INSERT INTO `post` (`id`, `date`, `text`, `community_id`, `writer_id`, `activity_id`) VALUES ('3f9e6ba6-cb41-415b-9221-a39713707db0', '1982-04-17 21:20:07', 'Delectus doloremque nostrum qui quas ipsa eaque. Laborum nihil animi omnis ducimus. Accusantium maxime voluptas qui occaecati.\nQuasi sed sunt adipisci soluta omnis fugiat eos. Rem id sit voluptatem.', '5dacb263-9582-4254-9b24-0b7b2ef83fff', '685c3ace-c422-4621-b96e-760d9ab34c70', 'a2672d8a-8a70-43da-abef-6744eed41675');
INSERT INTO `post` (`id`, `date`, `text`, `community_id`, `writer_id`, `activity_id`) VALUES ('64a53fbe-1c59-437f-ae6b-3e8af3bc4048', '2024-08-14 10:04:46', 'Omnis nihil quae consequatur rem amet quidem. Aliquid harum enim sit molestias dolorum consequatur commodi. Autem quidem modi consectetur doloribus.', 'af66f2f8-6010-4e1a-848a-5488c464d70c', '65256574-380d-4a9e-9eb6-bd301988637d', '0bd6e8f4-4d89-4f78-9a66-b7a70124bf1b');
INSERT INTO `post` (`id`, `date`, `text`, `community_id`, `writer_id`, `activity_id`) VALUES ('54b57c6f-d79b-4fbf-9ede-75324f982a3e', '1998-01-23 17:38:38', 'Impedit in architecto et. Rerum aut distinctio et repellendus voluptatem ut minus cumque. Repellat rem odit et ut. Laborum dolor impedit ipsa rerum voluptatem perferendis.', '6913a7c2-6626-4c46-8f48-1a6b0ef65940', '280ca6d1-3129-4dfb-8b4e-2eef77fd8955', '95f6ac4d-3579-46b0-8d95-72f2363ee1b4');
INSERT INTO `post` (`id`, `date`, `text`, `community_id`, `writer_id`, `activity_id`) VALUES ('51f9c2a0-0df0-443c-8b66-53ccfa312081', '2016-08-03 10:45:16', 'Beatae iure iure porro nihil. Sed et odit eaque molestiae voluptas eos. Id et veniam voluptatem et. Aut laudantium fugit voluptatem quibusdam. Voluptatem velit harum aut ut et sit culpa.', '96435e9b-2e77-491d-89c5-c58fc34a5b16', '5c372c7f-ee1f-4f3f-acb5-66d4af92dd92', 'c6fabfeb-4d30-4e05-b112-6cdf39c160b0');
INSERT INTO `post` (`id`, `date`, `text`, `community_id`, `writer_id`, `activity_id`) VALUES ('2dcb343e-155c-4f37-8395-3696bf57172e', '2005-06-30 08:36:05', 'Dignissimos quis atque minima nobis libero. Quod architecto perspiciatis quod omnis voluptatum.', 'd9159eeb-0909-4d05-a5ec-66ef218f6e2f', '091a22c5-d35f-4405-96b3-45dea13ffb9a', '524e5245-36c8-436c-98a2-674c19ae0b04');
INSERT INTO `post` (`id`, `date`, `text`, `community_id`, `writer_id`, `activity_id`) VALUES ('e42ba629-1f1d-4f38-9014-3612684aa38d', '2007-04-07 23:37:39', 'Reiciendis quis dolorum et qui. Dignissimos hic id repellendus rerum quis minus ea. Et ut maiores nobis est maiores quasi praesentium.', '86214e80-c75c-4452-a7d9-54cde973340b', '12b85cb9-9745-42f6-bb53-f08aace2551b', '164a4c77-e2d7-48bd-ab58-1954105e2ff6');
INSERT INTO `post` (`id`, `date`, `text`, `community_id`, `writer_id`, `activity_id`) VALUES ('c225ef20-51b9-4cee-a81d-0e23b8c2e38a', '1990-01-31 11:09:05', 'Et consequuntur architecto qui possimus voluptatem. Voluptatem sequi ut est laudantium et architecto aspernatur. Necessitatibus exercitationem sunt dolor id accusamus porro.', '885bdc55-c26c-466c-8184-2b258c138650', '1d0b8d09-20c8-46f1-8fd8-203842215768', 'c414b5b1-1771-4565-bd3e-b11ad0e8e692');
INSERT INTO `post` (`id`, `date`, `text`, `community_id`, `writer_id`, `activity_id`) VALUES ('4c20d1e5-545c-4e65-ab48-b9ab466aa93b', '2003-03-20 21:24:36', 'Quo quam enim illum. Nulla dolorum fugiat accusamus eligendi ipsam doloribus est velit. Ex accusamus fugiat dolores sapiente distinctio et eveniet assumenda.', '2631e59b-fcad-43a8-b7fb-5a9f13b3f7d3', '2a3cbef5-3403-41a7-9bde-5d317ee4a274', '6b3a4b42-adfd-40c6-8bcb-3765d1b91f0e');
INSERT INTO `post` (`id`, `date`, `text`, `community_id`, `writer_id`, `activity_id`) VALUES ('d6ce6e32-6a5e-45f7-a860-af030b6a2898', '1989-11-04 16:33:53', 'Provident et dolores excepturi optio. Distinctio inventore voluptatem voluptatem dolore voluptatibus. Pariatur eius omnis et iure sed aliquam.', 'fd18456b-68aa-4d3d-9752-736df48c8371', '43f8f46e-6b18-45f8-b97a-5d66283b9897', 'abea9717-d11f-42c8-b927-a35eb78502cf');
INSERT INTO `post` (`id`, `date`, `text`, `community_id`, `writer_id`, `activity_id`) VALUES ('158234af-0550-4dba-ba41-12ed82118b33', '2008-12-01 09:37:00', 'Aliquid dignissimos voluptatum neque quibusdam. Velit modi enim facere voluptatibus doloribus. Et qui autem minus ut similique.', '1e5411e4-07ee-4ff2-8a5d-9e534ae3216a', '530c0a83-4926-4a50-876a-d7338aa06382', '940fdde3-14fc-468e-8c4e-b552072724de');
INSERT INTO `post` (`id`, `date`, `text`, `community_id`, `writer_id`, `activity_id`) VALUES ('d3696ef3-feba-4c51-814c-d29fc1078eb7', '2019-10-25 14:20:33', 'Libero corporis ad minima amet dolores officiis. Quia exercitationem dolor accusantium consequatur.', '5fe622c0-254b-4cdf-9419-495e71724362', 'bf1a54fc-9ef0-4679-b3d9-f904c422460e', '99d8d8e8-37bb-4186-8026-f6070bb700e6');
INSERT INTO `post` (`id`, `date`, `text`, `community_id`, `writer_id`, `activity_id`) VALUES ('609b67e3-fe6a-4f3f-b134-a1fb7c756315', '2015-07-17 00:24:57', 'Qui sed aut eaque molestiae est qui dolor. Qui est quo ipsa voluptatum enim consequatur voluptate. Tempora id deleniti temporibus itaque laudantium aut. Velit aut impedit libero labore.', '0db1d8a6-0b59-434f-9669-7e1535bb50a7', 'da3dcc24-21c7-4064-8829-12d1c3b74993', '5253fdde-c011-4826-94ea-cc5ee580fe58');
INSERT INTO `post` (`id`, `date`, `text`, `community_id`, `writer_id`, `activity_id`) VALUES ('9d5c10bc-cde8-49ce-9fed-f9beba410dde', '2016-01-31 05:41:38', 'Iure amet ut distinctio sit ipsam. Recusandae voluptas quisquam quis qui et enim. Tempora tenetur aliquam quidem qui error recusandae. Eveniet consectetur enim fugiat adipisci explicabo.', '5dacb263-9582-4254-9b24-0b7b2ef83fff', '278e1ef4-ece8-4832-8c4f-7884bede7f4d', 'dab99545-0eda-4bd6-97de-86f79e11b14a');
INSERT INTO `post` (`id`, `date`, `text`, `community_id`, `writer_id`, `activity_id`) VALUES ('84b05f88-8072-4939-8b61-2c7f88e3a419', '2009-08-17 11:57:42', 'Sit reiciendis qui dolorem ea provident. Inventore similique qui sint sed quo error. Rerum dolorum dolorem et suscipit id fugiat ea.', 'af66f2f8-6010-4e1a-848a-5488c464d70c', 'b5c0c008-7a08-49aa-ac65-712c557c626e', 'ecc8b8b8-fdcb-4f8d-94ee-b07c35e6fc83');
INSERT INTO `post` (`id`, `date`, `text`, `community_id`, `writer_id`, `activity_id`) VALUES ('41521860-c54f-4cd7-aa7e-dbf85d1255e2', '1986-11-26 03:13:52', 'Facere laborum id consectetur culpa sint nostrum. Voluptatem voluptate sit omnis sit sint. Ullam ea aut vitae quidem sint. Est magni est aut delectus.', '6913a7c2-6626-4c46-8f48-1a6b0ef65940', '310e715d-f51a-46cf-aee6-c9d2d3d3ba0f', 'c557d46a-7cf1-4628-bc15-7bf02dff9663');
INSERT INTO `post` (`id`, `date`, `text`, `community_id`, `writer_id`, `activity_id`) VALUES ('b2411961-0eeb-40bf-8394-ea629ade2126', '2017-05-05 10:23:27', 'Molestiae amet deserunt qui sed corporis eum sint. Voluptas velit commodi debitis ex soluta eum. Totam officia placeat dolorem.', '96435e9b-2e77-491d-89c5-c58fc34a5b16', 'ed2841b8-9be0-43f6-8e69-a24cab7528c4', '8bc3175b-3f2a-4c66-b33a-2db06908fa80');
INSERT INTO `post` (`id`, `date`, `text`, `community_id`, `writer_id`, `activity_id`) VALUES ('354fe871-b1af-41a4-abc7-c8efe9291d05', '1999-03-04 04:45:32', 'Aperiam a voluptatem neque fugit nihil. Dignissimos sit quam ut mollitia. Esse voluptatem qui eum.', 'd9159eeb-0909-4d05-a5ec-66ef218f6e2f', '55f64565-fb17-4243-a55c-eff674012e93', 'b8084ccc-721f-4fcd-9de2-bd67dd77b3ca');

#
# TABLE STRUCTURE FOR: comment
#

DROP TABLE IF EXISTS `comment`;

CREATE TABLE `comment` (
                           `id` varchar(255) NOT NULL,
                           `date` datetime NOT NULL,
                           `text` text NOT NULL,
                           `member_id` varchar(255) NOT NULL,
                           `post_id` varchar(255) NOT NULL,
                           PRIMARY KEY (`id`),
                           KEY `member_id` (`member_id`),
                           KEY `post_id` (`post_id`),
                           CONSTRAINT `comment_ibfk_1` FOREIGN KEY (`member_id`) REFERENCES `member` (`id`),
                           CONSTRAINT `comment_ibfk_2` FOREIGN KEY (`post_id`) REFERENCES `post` (`id`)
) ENGINE=InnoDB DEFAULT CHARSET=utf8mb4 COLLATE=utf8mb4_general_ci;

INSERT INTO `comment` (`id`, `date`, `text`, `member_id`, `post_id`) VALUES ('a5624686-8de1-49eb-8cbd-88bc4527dd9f', '2003-11-02 12:18:30', 'Esse consequatur asperiores quasi maiores ipsa nobis. Eligendi sed ad porro perspiciatis et. Ab consequuntur voluptatem quisquam accusamus iste.', 'd4a3e42e-10a1-4fa8-b2e8-fde888e98247', 'a6efcc7c-0dcd-4be4-9120-1547e92686b4');
INSERT INTO `comment` (`id`, `date`, `text`, `member_id`, `post_id`) VALUES ('abdc84ed-88ee-4700-8d63-bf025c27a15b', '2000-08-11 16:20:54', 'Sint vel quo id. Corporis quidem aspernatur qui iure suscipit. Voluptatem voluptatem et facere officiis. Aperiam et iure sed.', '563c93a2-651b-4e03-8a54-9db8d75e89a6', 'fbc46495-327b-452a-94c4-6cae2a252e1f');
INSERT INTO `comment` (`id`, `date`, `text`, `member_id`, `post_id`) VALUES ('eb1ab4b4-a3f6-456e-9de1-05afcf851f02', '1994-06-23 11:11:10', 'Neque voluptas eum itaque modi vel vel. Sit et aut voluptas id similique. Deleniti provident et sed eius beatae. Qui cum unde ut ipsam est. Ut nostrum aliquam deleniti qui.', 'bb4a5929-0e0e-470b-9b5c-ed3854ab48a4', '21e59bf7-5523-43aa-b4ac-51a461892ae4');
INSERT INTO `comment` (`id`, `date`, `text`, `member_id`, `post_id`) VALUES ('3c869964-1bb8-48f4-aa0d-d30573684862', '2008-04-06 15:07:50', 'Consequatur recusandae qui magnam asperiores id fuga quia. Consequatur quia magni earum dolores veritatis qui. Omnis maiores tempora voluptas sed sed.', '7de1e118-b2c8-441d-a44c-bcf3a9167f68', '218fb09e-b827-4f96-8a03-3cddc1c6b44e');
INSERT INTO `comment` (`id`, `date`, `text`, `member_id`, `post_id`) VALUES ('c3f5717c-f6f9-4659-ba00-eec633503a01', '1999-07-20 07:52:36', 'Quia omnis earum voluptas sit. Nihil totam explicabo aut ipsa amet est. Quas est deleniti dolores quidem tempora maiores. Possimus natus tempore tempore porro.', '1eebe34d-a05b-4ff1-a18c-918ba8e3881c', '7433e796-e7e3-4b3d-aa2a-c26ae558c594');
INSERT INTO `comment` (`id`, `date`, `text`, `member_id`, `post_id`) VALUES ('9582d299-d063-4dbd-96c0-548dcaefb440', '2016-12-06 08:04:48', 'Ea id necessitatibus recusandae corporis sapiente rem voluptas quasi. Voluptates repellat ea accusamus vero. Ut vel quibusdam dolores blanditiis est ipsum.', '44470bff-dda0-4026-adc2-3f76c8bec0fa', 'e598bfa9-0386-439c-8cc5-015a6ef28719');
INSERT INTO `comment` (`id`, `date`, `text`, `member_id`, `post_id`) VALUES ('e6567aa5-98f9-4527-95c0-a5fa2443283d', '2024-04-09 15:16:12', 'Odit reiciendis numquam porro aliquam et porro qui sed. Voluptate non et eaque non repellendus. Maiores aliquid sed ullam odio earum libero eius. Quo qui quo deserunt.', 'aa44e245-fe1e-47d7-9361-2d25fdb9f463', '3f811505-babd-417b-b9c3-079c55039f29');
INSERT INTO `comment` (`id`, `date`, `text`, `member_id`, `post_id`) VALUES ('1121b510-7c51-4fd9-9443-386bfe49131d', '1999-07-06 02:53:33', 'Vitae quos aut fugiat ipsam ea architecto. Sit repellat ut quaerat provident. Fuga et blanditiis eum ea similique. Dolorem explicabo sed sunt ex. Consequatur iste quod aperiam enim.', '11bf312d-c7d5-4b3d-a1e6-37de65b66017', '4091c590-d4d2-4cc9-a3f5-6ca633b4d93b');
INSERT INTO `comment` (`id`, `date`, `text`, `member_id`, `post_id`) VALUES ('4b24bcb1-dd0d-44fe-881d-4f4499d4e304', '2017-12-13 13:24:37', 'Itaque illum et voluptates. Iusto accusantium qui eos repellendus perspiciatis ab voluptatem. Qui est asperiores nisi cupiditate repellendus. Laborum dolores fugit veniam quia.', '685c3ace-c422-4621-b96e-760d9ab34c70', '2681ea93-2a2a-4173-b73b-15a7e92077e4');
INSERT INTO `comment` (`id`, `date`, `text`, `member_id`, `post_id`) VALUES ('5c55ce9a-9464-47be-9bac-d4233755de15', '1990-08-16 04:31:56', 'Eligendi aut distinctio fuga est dolor. Quae voluptate praesentium tempora quos nam sit. Asperiores atque recusandae sed ut cupiditate sed consequatur.', '65256574-380d-4a9e-9eb6-bd301988637d', '42f92dc7-c669-4ec8-88ff-834d1045efbc');
INSERT INTO `comment` (`id`, `date`, `text`, `member_id`, `post_id`) VALUES ('2b1f73af-059a-46b8-a9a2-e18d3aee2778', '2010-07-02 03:12:27', 'Laborum modi sed eius. Alias quam inventore aliquam qui nesciunt praesentium eum. Molestiae totam saepe voluptas totam quibusdam placeat. Sit facilis odit accusamus eum.', '280ca6d1-3129-4dfb-8b4e-2eef77fd8955', '2a030baa-ef64-4f88-9a68-9c2c8fdbe206');
INSERT INTO `comment` (`id`, `date`, `text`, `member_id`, `post_id`) VALUES ('59f33f17-77a5-44b9-971f-fc6ca0854a37', '2018-11-30 14:44:29', 'Vel in quasi ipsum ipsam quae. Enim eaque aut officiis qui voluptate id reiciendis. Voluptatem fugiat non sit ducimus delectus voluptatem. Minima debitis mollitia provident consequatur earum earum.', '5c372c7f-ee1f-4f3f-acb5-66d4af92dd92', '29916e22-65cb-475e-b83f-8105f8f037f3');
INSERT INTO `comment` (`id`, `date`, `text`, `member_id`, `post_id`) VALUES ('fcac27b0-4fd1-405a-8ddc-4575abb9bd14', '2011-10-25 14:56:49', 'Porro fugiat ex quaerat odio. Vel sed quas id eum ea commodi. Libero consequatur ducimus neque sint fugit rerum.', '091a22c5-d35f-4405-96b3-45dea13ffb9a', '19bc7c64-e35a-4694-a839-e89d6f994e31');
INSERT INTO `comment` (`id`, `date`, `text`, `member_id`, `post_id`) VALUES ('fb308775-d930-4c8b-9f51-85007df9f9c5', '1996-05-27 08:06:34', 'Asperiores est dolore accusamus voluptates. Occaecati nobis saepe soluta doloribus explicabo ullam incidunt. Laudantium illo nihil sint qui optio enim ipsum enim. Et eos non id et.', '12b85cb9-9745-42f6-bb53-f08aace2551b', '05be989d-6c7a-49a2-a284-1c3dded86d34');
INSERT INTO `comment` (`id`, `date`, `text`, `member_id`, `post_id`) VALUES ('bb8c542c-1eee-466f-a2db-d0cb0e55dde3', '1970-11-27 05:38:58', 'Nobis impedit dolorem suscipit illum tempore nihil et. Unde et voluptatibus quia unde voluptas velit ex debitis. Inventore et est et eaque.', '1d0b8d09-20c8-46f1-8fd8-203842215768', '18b545dd-aea7-4cce-8b29-3f10d14e3f5a');
INSERT INTO `comment` (`id`, `date`, `text`, `member_id`, `post_id`) VALUES ('3eb6da0d-8b72-4432-8f46-98b522817b97', '1998-12-26 20:26:15', 'Eos fuga temporibus quia esse earum. Quis possimus quia totam ratione dignissimos. Velit cumque aut eveniet pariatur reiciendis. Ut quis quibusdam earum officiis distinctio.', '2a3cbef5-3403-41a7-9bde-5d317ee4a274', '7000d7e7-3f78-4941-b04f-e5e87392c6f9');
INSERT INTO `comment` (`id`, `date`, `text`, `member_id`, `post_id`) VALUES ('f7fa0fc2-8946-4ec5-aae7-10ae10d8f045', '2006-11-30 14:31:27', 'Et rerum fuga aut officia quaerat. Deserunt consequuntur odio incidunt velit. Rerum sit enim sunt et commodi reprehenderit sed iure. Optio aut ipsum voluptate ut voluptatem rerum.', '43f8f46e-6b18-45f8-b97a-5d66283b9897', 'c3c6ff72-108c-46db-acc9-00510a6c78b4');
INSERT INTO `comment` (`id`, `date`, `text`, `member_id`, `post_id`) VALUES ('fc923b90-5d70-49c4-9cf3-8e84ac6e36f2', '1984-10-02 18:22:21', 'Necessitatibus et vero itaque sapiente voluptates. Minus ex minus molestiae quis asperiores.', '530c0a83-4926-4a50-876a-d7338aa06382', 'e01abf2f-9093-4ca8-af90-f333e908cdda');
INSERT INTO `comment` (`id`, `date`, `text`, `member_id`, `post_id`) VALUES ('e83782da-8c38-4883-847f-d64dd128ddd8', '2021-08-03 09:47:48', 'Architecto iure rerum omnis aut praesentium voluptatum. Rerum veritatis ad aut. Iusto dolorem corrupti accusamus quas vitae molestias exercitationem.', 'bf1a54fc-9ef0-4679-b3d9-f904c422460e', 'f49ccb3c-65e3-40cf-9c0e-e5c9de24a60f');
INSERT INTO `comment` (`id`, `date`, `text`, `member_id`, `post_id`) VALUES ('a5253765-f4e8-42cb-926c-56e270c33eae', '2011-04-04 15:07:38', 'Neque distinctio nostrum quia sit explicabo beatae. Blanditiis qui deserunt est officia in maiores. Qui corporis vel perspiciatis dolor voluptatem a in. Quos maxime et rerum et nostrum odio vel.', 'da3dcc24-21c7-4064-8829-12d1c3b74993', '85cb2fac-b8e6-48a4-abda-556b9f602b7e');
INSERT INTO `comment` (`id`, `date`, `text`, `member_id`, `post_id`) VALUES ('ffcabb6b-2dbd-4fea-976e-801dc6fceb62', '1985-05-31 13:24:20', 'Quas blanditiis possimus consectetur non. Sequi corrupti cum minima aut. Sed quos ratione est aperiam.', '278e1ef4-ece8-4832-8c4f-7884bede7f4d', '7660d0d7-efa6-49ae-acc0-efe7a72f8f02');
INSERT INTO `comment` (`id`, `date`, `text`, `member_id`, `post_id`) VALUES ('6abca137-7ae4-40e6-8a9a-587172e9ec13', '1995-09-08 17:03:14', 'Sint id sed eum voluptatibus. Possimus dolorem dicta numquam laborum molestiae facere suscipit. Quo mollitia quo ut enim amet. Similique hic explicabo adipisci eum recusandae culpa.', 'b5c0c008-7a08-49aa-ac65-712c557c626e', '933c4ff0-6217-4515-8487-ed364457dd39');
INSERT INTO `comment` (`id`, `date`, `text`, `member_id`, `post_id`) VALUES ('36d72eea-b2e2-49af-b025-5fe340aa63fd', '1988-10-21 01:02:05', 'Laudantium eaque qui sunt itaque. Aliquid incidunt harum eum. Numquam in itaque et enim consequatur similique perspiciatis.', '310e715d-f51a-46cf-aee6-c9d2d3d3ba0f', '9631878e-497f-4807-a894-df9dcfb014a0');
INSERT INTO `comment` (`id`, `date`, `text`, `member_id`, `post_id`) VALUES ('096c4cdd-6638-48e1-8712-ed01978b0989', '2025-02-25 09:22:26', 'Quis aut in veritatis nisi odio. Cupiditate excepturi cum earum molestias unde ea sit. Nesciunt qui ut recusandae omnis delectus similique. Dicta quos sequi atque voluptas.', 'ed2841b8-9be0-43f6-8e69-a24cab7528c4', '62902ef5-06d2-4cd2-a1d5-15d320892145');
INSERT INTO `comment` (`id`, `date`, `text`, `member_id`, `post_id`) VALUES ('727244e0-eb4a-467e-846d-0a5a4bf3dfe8', '2007-07-08 23:42:42', 'Dolorem accusantium esse consectetur voluptas error aliquid odio. Molestias alias debitis nihil voluptas iste nulla. Similique rerum illo quidem fugiat vitae perferendis qui. Et omnis et minus.', '55f64565-fb17-4243-a55c-eff674012e93', 'c2c53fc1-b424-4776-b1ea-bffd9db8b19d');
INSERT INTO `comment` (`id`, `date`, `text`, `member_id`, `post_id`) VALUES ('430407ba-dfe8-419e-be71-c644368c4316', '1996-02-16 17:28:13', 'Ipsam excepturi quasi culpa totam fugiat vel. Eum impedit dolores voluptatem et blanditiis in. Perspiciatis sunt velit enim dolorum ab placeat.', 'd4a3e42e-10a1-4fa8-b2e8-fde888e98247', '1003831a-c895-4a20-959f-ceb03e0c28d5');
INSERT INTO `comment` (`id`, `date`, `text`, `member_id`, `post_id`) VALUES ('2a62d493-080b-4bc3-944f-199f774d0ab5', '2004-04-30 21:23:28', 'Aperiam modi quam consequuntur et nam est nulla animi. Minus illum recusandae ut. Quas aut possimus rem iusto quam.\nDebitis debitis autem illum aut dolorem. Qui doloribus corporis doloribus eum.', '563c93a2-651b-4e03-8a54-9db8d75e89a6', '684a9599-7422-462a-b8a6-b1451ca844d5');
INSERT INTO `comment` (`id`, `date`, `text`, `member_id`, `post_id`) VALUES ('bd364e37-a8b0-4bfe-b0dd-5923f6cbd23f', '1986-03-29 16:34:17', 'Voluptatem sed vitae quod hic. Ex distinctio qui fuga. Dolorem eius autem molestiae vero iste. Saepe voluptatibus nulla rerum et totam quia provident rerum.', 'd4a3e42e-10a1-4fa8-b2e8-fde888e98247', 'ae0e28a0-e5ca-44ca-be50-e4def6637d79');
INSERT INTO `comment` (`id`, `date`, `text`, `member_id`, `post_id`) VALUES ('b9d2e92d-d07c-4025-93ef-0c71df33a0f6', '2013-10-25 23:40:49', 'Rerum quibusdam repellendus temporibus magnam. Nemo quas non beatae officia cum tempora quis. Earum quo est nam fugiat rerum illo rerum.', '563c93a2-651b-4e03-8a54-9db8d75e89a6', '6a8cd71c-b1e1-4f57-890a-ab6835c3e9a3');
INSERT INTO `comment` (`id`, `date`, `text`, `member_id`, `post_id`) VALUES ('b4a70dff-ee43-4eca-b923-251bd24d7a4f', '1972-02-11 07:34:48', 'Quam vitae quaerat laboriosam eligendi ad voluptatibus. Magni quos quae est quo laudantium illum quo et. Est dolores qui laudantium facere voluptatum. Tempore non ea quo qui.', 'bb4a5929-0e0e-470b-9b5c-ed3854ab48a4', '5f017f35-8f4c-4eaf-9160-a7333784d0d3');
INSERT INTO `comment` (`id`, `date`, `text`, `member_id`, `post_id`) VALUES ('79a67160-933e-473e-b4cf-e7614462f172', '1971-03-08 07:13:43', 'Mollitia hic esse excepturi consectetur. Praesentium nulla omnis facere. Sunt pariatur dolorem ut ut velit minima.', '7de1e118-b2c8-441d-a44c-bcf3a9167f68', '256cfb29-3df0-48af-8193-784492653727');
INSERT INTO `comment` (`id`, `date`, `text`, `member_id`, `post_id`) VALUES ('c3f52267-2c65-4e60-9d96-e875aab0605e', '2013-11-30 14:37:34', 'Nobis quo cum qui asperiores saepe et qui. Cumque ad dolor hic qui harum iure. Ut consequatur non ratione fugiat dolor et.', '1eebe34d-a05b-4ff1-a18c-918ba8e3881c', 'dfe0d74e-ded0-4cb2-9552-26911ac56223');
INSERT INTO `comment` (`id`, `date`, `text`, `member_id`, `post_id`) VALUES ('57f39222-5eb1-4b0e-9793-9604d8393dfb', '2016-02-05 13:02:33', 'Culpa aut saepe et et. Non vel et beatae sapiente aspernatur vitae. Facilis velit consequatur assumenda dignissimos nostrum. Ex corrupti architecto ullam qui sed consectetur.', '44470bff-dda0-4026-adc2-3f76c8bec0fa', 'e5d89c24-8d10-4e33-ad56-6490912c188b');
INSERT INTO `comment` (`id`, `date`, `text`, `member_id`, `post_id`) VALUES ('68cc0306-6b45-4026-9f6a-1bee12c5cc6a', '1995-11-05 23:09:09', 'Et enim repellendus esse. Nobis ipsam doloribus ex et commodi accusamus nisi et. Deleniti et atque amet sed ea distinctio amet. Vitae sint odio velit ullam qui quo et.', 'aa44e245-fe1e-47d7-9361-2d25fdb9f463', '07d5a5ee-fa1b-4cd3-8554-cf8c4112a039');
INSERT INTO `comment` (`id`, `date`, `text`, `member_id`, `post_id`) VALUES ('292ececc-adfa-4b43-9082-daf42917d99f', '1983-04-14 17:00:12', 'Commodi aliquam porro recusandae voluptatem. Et voluptatem repellat modi dolor non et rerum. Sint fugiat accusamus ipsa enim alias.', '11bf312d-c7d5-4b3d-a1e6-37de65b66017', '53023f19-d052-45ce-9cf6-e78a4a955c14');
INSERT INTO `comment` (`id`, `date`, `text`, `member_id`, `post_id`) VALUES ('e17c9510-7091-4e61-9707-2a62ddf461d1', '1990-07-04 08:16:00', 'Distinctio voluptas quam quo vel enim nobis cupiditate iure. Et voluptatibus quisquam dolorum minus distinctio accusamus odio. Esse earum atque et eum minus porro quod.', '685c3ace-c422-4621-b96e-760d9ab34c70', '3de7f64f-b928-4913-893a-280e7f50ce61');
INSERT INTO `comment` (`id`, `date`, `text`, `member_id`, `post_id`) VALUES ('34c5951f-a045-4fbc-9006-12a1b542f4e9', '2002-11-06 15:49:47', 'Laudantium id delectus ut aut. Sed nam ut id ut modi eum qui nostrum. Assumenda beatae cum veritatis vitae.', '65256574-380d-4a9e-9eb6-bd301988637d', '70518923-703e-42b0-bf3f-9c071e4b01cd');
INSERT INTO `comment` (`id`, `date`, `text`, `member_id`, `post_id`) VALUES ('598b0a0b-354f-43cd-a7ae-437c18b5d740', '1991-01-18 20:25:40', 'Sit dolores id id nam numquam. Ex consectetur velit ducimus qui illo aut ratione quod. In nostrum voluptatum molestias eveniet magnam dolor.', '280ca6d1-3129-4dfb-8b4e-2eef77fd8955', 'b8a7cd0e-e20c-494c-91c6-734267274a93');
INSERT INTO `comment` (`id`, `date`, `text`, `member_id`, `post_id`) VALUES ('789f0253-c296-42e2-bebd-c13c806ee019', '2011-11-14 12:48:47', 'Asperiores eaque officia voluptatem consequatur magni aliquid quia sit. Quae voluptatem voluptatem omnis rerum dolorem dolorem ex.', '5c372c7f-ee1f-4f3f-acb5-66d4af92dd92', '15ea8961-4ab7-45b0-865a-d034486baa05');
INSERT INTO `comment` (`id`, `date`, `text`, `member_id`, `post_id`) VALUES ('c9f61417-b2cf-4365-8d0e-173be9dc302c', '2024-09-09 14:24:11', 'Beatae vel quis sed deleniti. Rerum deserunt sit laborum voluptatem dolorem dolorem voluptate. Atque hic id exercitationem ad animi similique.', '091a22c5-d35f-4405-96b3-45dea13ffb9a', '795c5bd0-ac34-442d-ab7d-43669b1cbbe6');
INSERT INTO `comment` (`id`, `date`, `text`, `member_id`, `post_id`) VALUES ('6aab61e8-7cb9-4bbe-b418-aec8f9def2ba', '2024-05-02 01:05:47', 'Modi ipsa sint sunt accusamus dolore et totam. Culpa aspernatur aut earum omnis id.', '12b85cb9-9745-42f6-bb53-f08aace2551b', '5f7453b0-2a55-44d4-b9fb-d6abfeb69f12');
INSERT INTO `comment` (`id`, `date`, `text`, `member_id`, `post_id`) VALUES ('fb937ac0-189e-4cc0-a6a7-f671b68a37c5', '1973-09-17 20:07:10', 'Deleniti quia sed repudiandae. Dolor repudiandae tempora sit facilis velit soluta distinctio eum. Modi esse sit hic deleniti.', '1d0b8d09-20c8-46f1-8fd8-203842215768', 'b4ca2456-7b31-4e00-ace2-27a9513624fb');
INSERT INTO `comment` (`id`, `date`, `text`, `member_id`, `post_id`) VALUES ('3d5fe2f7-533d-4dac-824f-82c7207612bd', '1990-11-07 12:35:52', 'Praesentium occaecati dolor exercitationem ut aut. Voluptatem est est magni fuga delectus consequatur. Est velit quia voluptatem possimus tempore dolores sint. Aut voluptatum porro veritatis dolores.', '2a3cbef5-3403-41a7-9bde-5d317ee4a274', '24c5f1c6-6a30-480b-a46f-50e1068d5892');
INSERT INTO `comment` (`id`, `date`, `text`, `member_id`, `post_id`) VALUES ('1ed8900e-2b1c-4c5e-be9a-22a34711afc6', '2018-08-14 23:52:51', 'Nulla aut necessitatibus odit deserunt qui. Amet magnam temporibus et sint est neque eum. Voluptas possimus dolor enim qui voluptates perferendis laudantium dolorem.', '43f8f46e-6b18-45f8-b97a-5d66283b9897', '8b50b3bd-69f9-42de-837c-a96c7d4d038d');
INSERT INTO `comment` (`id`, `date`, `text`, `member_id`, `post_id`) VALUES ('e965af67-571f-4973-be8a-6aa634ffc639', '2008-12-06 02:04:20', 'Dicta corporis ut tenetur dolore. Fugit sit beatae ut est. Aperiam numquam quis modi qui occaecati consequatur aut. Consectetur et quo minima incidunt eaque amet numquam.', '530c0a83-4926-4a50-876a-d7338aa06382', 'ce86a311-4aef-4992-a11a-5f6ae479578a');
INSERT INTO `comment` (`id`, `date`, `text`, `member_id`, `post_id`) VALUES ('ba996c1e-d38a-43dd-9214-07c624f6d0da', '1991-02-11 14:53:26', 'Qui non dolorum quidem. Delectus tenetur et quae qui facilis nihil. Occaecati minima architecto ipsam soluta soluta.', 'bf1a54fc-9ef0-4679-b3d9-f904c422460e', 'a4e0c631-ed7f-459c-9026-6d35aaa5698c');
INSERT INTO `comment` (`id`, `date`, `text`, `member_id`, `post_id`) VALUES ('80b28bc7-ef4d-4cc9-8860-ddbd114b5aee', '1973-12-06 13:02:41', 'Et est velit dicta ex facilis. Corporis quibusdam ea ut.\nUllam aliquam molestiae iusto et impedit dignissimos. Dolor et expedita quibusdam voluptatem.', 'da3dcc24-21c7-4064-8829-12d1c3b74993', '9c395e0f-17f6-445e-9d47-20e17e93a255');
INSERT INTO `comment` (`id`, `date`, `text`, `member_id`, `post_id`) VALUES ('953efa2d-ec52-40b2-9096-44c186aa7ce9', '2000-11-05 05:45:52', 'Eius qui ullam voluptatibus quia. Quaerat alias labore quas velit quia. Et deleniti est dolor sapiente. Consequatur eaque ut natus odit.', '278e1ef4-ece8-4832-8c4f-7884bede7f4d', 'a7eac7e6-4a64-4b28-a033-038fdc70cba3');
INSERT INTO `comment` (`id`, `date`, `text`, `member_id`, `post_id`) VALUES ('c486b4d5-8bac-46ab-940b-f34af5f64bc4', '2004-10-28 03:26:49', 'Odit ullam reiciendis impedit quas id. Velit sunt facere ut ratione. Quo rerum perspiciatis nam laborum aut. Minima consequatur voluptatem consectetur laboriosam qui ipsam exercitationem.', 'b5c0c008-7a08-49aa-ac65-712c557c626e', 'c4cbace4-ebae-4441-9994-f155765113ce');
INSERT INTO `comment` (`id`, `date`, `text`, `member_id`, `post_id`) VALUES ('9739c10c-2193-495a-a8ab-6d2858aa3e5f', '1991-08-15 03:03:05', 'Ex aut voluptas assumenda officiis in sunt ut. Nulla possimus delectus eum explicabo eum. Id harum vel quia qui fuga molestiae. Totam reiciendis harum blanditiis in nesciunt in.', '310e715d-f51a-46cf-aee6-c9d2d3d3ba0f', '5f33264c-209c-473a-846d-2ea8ddafd399');
INSERT INTO `comment` (`id`, `date`, `text`, `member_id`, `post_id`) VALUES ('6ac01d7e-ca23-46ca-b33d-02f9296fd7b6', '1978-02-11 06:25:54', 'Odio molestiae rerum fugiat et. Voluptatum fugiat necessitatibus illum sint nihil voluptatibus.', 'ed2841b8-9be0-43f6-8e69-a24cab7528c4', '1b2b324b-a9da-4f2b-a9cd-cb62289bbb1e');
INSERT INTO `comment` (`id`, `date`, `text`, `member_id`, `post_id`) VALUES ('846cb4bb-0827-4e74-a678-8322113bc9dd', '2012-10-13 07:58:07', 'Maiores fuga sed ut voluptatem tempore. Quia quaerat est natus sunt occaecati cupiditate exercitationem qui. Sint quam tenetur neque sed voluptatem. Ipsa ducimus esse quia aut.', '55f64565-fb17-4243-a55c-eff674012e93', 'a0861b2c-ff5d-4eb3-9a2c-77f445c4ff01');
INSERT INTO `comment` (`id`, `date`, `text`, `member_id`, `post_id`) VALUES ('d5e7773a-e014-47d7-a488-49f52ff93a92', '2020-09-11 12:58:41', 'Sequi deserunt enim adipisci nihil eum adipisci alias. Dolor libero aut voluptas vel illum velit. Cum eum veniam quod incidunt enim sit vel.', 'd4a3e42e-10a1-4fa8-b2e8-fde888e98247', 'fe5dc86c-498c-47d6-bb42-9b1e16a59f82');
INSERT INTO `comment` (`id`, `date`, `text`, `member_id`, `post_id`) VALUES ('5161eaf7-9a7c-4f7a-8304-327b42784940', '1983-05-07 03:08:35', 'Et dolor velit corrupti recusandae ut sunt. Sunt qui adipisci saepe laudantium. Nam et vel autem nesciunt aut.', '563c93a2-651b-4e03-8a54-9db8d75e89a6', 'bfc54451-6bcb-4df4-9bc5-2bd9e730ee6f');
INSERT INTO `comment` (`id`, `date`, `text`, `member_id`, `post_id`) VALUES ('71494901-e100-4c2b-858b-a2e6a77f087a', '2007-08-08 14:56:41', 'Blanditiis impedit modi sed quia repellendus quas. Modi et et fugiat est porro quisquam cupiditate. Dicta cum non similique quia labore eligendi soluta.', 'bb4a5929-0e0e-470b-9b5c-ed3854ab48a4', '964be3bc-4ab9-4b9f-95a2-5efb62b6bb21');
INSERT INTO `comment` (`id`, `date`, `text`, `member_id`, `post_id`) VALUES ('cbf1049b-4633-479f-912d-bfbad45a8a4b', '1979-04-29 12:46:15', 'Et maiores veniam cum dicta. Voluptatum sint est rerum. Hic enim asperiores qui vero alias officiis.', '7de1e118-b2c8-441d-a44c-bcf3a9167f68', 'a6e2f133-d7cb-4e5e-9fc8-f04b31e569aa');
INSERT INTO `comment` (`id`, `date`, `text`, `member_id`, `post_id`) VALUES ('267209c4-f0fb-40cf-a3f4-dc1768bbfccd', '2002-10-12 15:28:18', 'Qui labore qui mollitia velit rerum veritatis error. Voluptatem vitae dolore magni minima debitis odit animi. Est explicabo eveniet omnis sint. Est optio est debitis aliquid.', '1eebe34d-a05b-4ff1-a18c-918ba8e3881c', '2c6c12cc-fc89-4fce-b252-f06ebd1a10aa');
INSERT INTO `comment` (`id`, `date`, `text`, `member_id`, `post_id`) VALUES ('6568e265-61b8-41c9-bd2f-3b54f674cc4e', '1979-01-16 00:09:24', 'Expedita et voluptas id. Et recusandae quo aut animi molestiae qui aliquam unde.\nExcepturi id labore ut quia at vel laborum natus. Dolores sit fugit est in ex voluptatibus aut.', '44470bff-dda0-4026-adc2-3f76c8bec0fa', 'e41d93c9-3118-4c1a-84b5-9291b61994d8');
INSERT INTO `comment` (`id`, `date`, `text`, `member_id`, `post_id`) VALUES ('838b447d-914c-44fd-b01b-20fa7642d151', '2012-08-18 21:39:57', 'Quia eos dolores et autem non ipsa molestias cupiditate. Reprehenderit sunt ipsam aut voluptas. Dolorem ut sit sed a autem saepe accusantium. Quisquam et et modi.', 'aa44e245-fe1e-47d7-9361-2d25fdb9f463', 'd682abb3-4aae-4752-a7dc-46bcd7ca1de9');
INSERT INTO `comment` (`id`, `date`, `text`, `member_id`, `post_id`) VALUES ('e7fdb423-2a8a-4eeb-b0ae-eaa7f768f652', '1976-01-04 03:24:58', 'A odio maxime consequatur cum sunt autem. Repellat et quia doloremque nisi vitae. Similique nemo fugit ut veritatis dolores.', '11bf312d-c7d5-4b3d-a1e6-37de65b66017', '5bde3b99-8e34-46ae-bed5-628ffa2309dd');
INSERT INTO `comment` (`id`, `date`, `text`, `member_id`, `post_id`) VALUES ('e1baf171-ac38-44ac-9af9-3ec7a3d699fb', '1994-05-31 13:05:40', 'Et enim eligendi asperiores. Culpa id accusantium beatae ut consequatur ea nobis aut. Quidem eligendi et explicabo dolorem quo. A quibusdam commodi molestiae in.', '685c3ace-c422-4621-b96e-760d9ab34c70', '45f6659f-7e1c-48e3-a553-406776f69320');
INSERT INTO `comment` (`id`, `date`, `text`, `member_id`, `post_id`) VALUES ('639070c4-ac5a-4286-b17d-78dff2f629f1', '1975-12-01 09:50:48', 'Suscipit quia ut delectus dolorum ex eius odit. Eum dolor odio et sed velit unde. Ipsam repudiandae dolorum rem ad praesentium. Veniam quaerat voluptatibus aut dolore dolor in aut.', '65256574-380d-4a9e-9eb6-bd301988637d', 'efe57ff1-e8d9-434b-b5f9-9661edc3a805');
INSERT INTO `comment` (`id`, `date`, `text`, `member_id`, `post_id`) VALUES ('c965c06e-89e7-4e21-9092-63ceee773901', '2017-06-13 18:52:28', 'Facere fugit earum provident. Magnam ut et facilis ea cumque dolorum. Incidunt quos maiores suscipit rem perspiciatis mollitia. Consequuntur consequuntur in sed suscipit modi.', '280ca6d1-3129-4dfb-8b4e-2eef77fd8955', '57b1f16c-3b5d-484b-9950-47826facc2ee');
INSERT INTO `comment` (`id`, `date`, `text`, `member_id`, `post_id`) VALUES ('15131fdb-d969-4ab4-a2dc-c7a220a7b6ed', '1992-10-16 01:10:59', 'Aut aut sapiente modi ut rem. Explicabo quo nesciunt dolorum non laboriosam autem explicabo beatae. Possimus vero provident at quia molestiae.', '5c372c7f-ee1f-4f3f-acb5-66d4af92dd92', 'c1bc2f3f-f049-478d-999d-9ad8f25c0aeb');
INSERT INTO `comment` (`id`, `date`, `text`, `member_id`, `post_id`) VALUES ('7f94c490-3e85-4d64-b697-9766fbe6733b', '2022-08-25 02:11:59', 'Accusamus aliquid sapiente a natus doloribus. Fugiat quaerat molestiae itaque. Sint fuga illum praesentium eligendi.', '091a22c5-d35f-4405-96b3-45dea13ffb9a', '13c1dbba-a959-472b-b94c-676c1dcd48bc');
INSERT INTO `comment` (`id`, `date`, `text`, `member_id`, `post_id`) VALUES ('bf16c6db-b6ae-45b0-9baf-8461f3d39f82', '2014-03-17 23:33:28', 'Dolor minima debitis non quia velit ipsum reprehenderit. Ipsam autem hic dicta ad. Ducimus labore possimus quae sed quidem recusandae quam.', '12b85cb9-9745-42f6-bb53-f08aace2551b', '0180edde-a1d0-4a85-8e6b-f83e8afabeaf');
INSERT INTO `comment` (`id`, `date`, `text`, `member_id`, `post_id`) VALUES ('8c2b7b38-3299-4d45-b0bf-b38414f16483', '2024-11-24 09:22:56', 'Sequi distinctio qui et asperiores provident aperiam. Fuga iste sit voluptatem voluptates. Quidem laudantium enim ut et dolor amet. Consequuntur dolorem rem saepe totam amet id. Neque et quam vel.', '1d0b8d09-20c8-46f1-8fd8-203842215768', '5dde9fdd-4c94-4a1c-a95c-b95e5ac0e1ec');
INSERT INTO `comment` (`id`, `date`, `text`, `member_id`, `post_id`) VALUES ('39e1c904-91ea-4f15-9fab-605f4b24c0ae', '2003-12-13 12:05:31', 'Placeat voluptatem sequi quas voluptatem quisquam nulla sit. Debitis magni ipsa autem iure sit corporis.', '2a3cbef5-3403-41a7-9bde-5d317ee4a274', 'f3bbb6dc-82be-4925-9e56-e77d74b7c918');
INSERT INTO `comment` (`id`, `date`, `text`, `member_id`, `post_id`) VALUES ('c7e552f2-e0fd-45e0-b6a0-d723be02c750', '2017-11-07 12:43:20', 'Facere quae ratione quia in rem voluptatem in. At ex nobis autem quidem. Consequatur veritatis est nostrum quia.', '43f8f46e-6b18-45f8-b97a-5d66283b9897', 'a6f4af58-622f-45d1-9204-938ac9f9fa8e');
INSERT INTO `comment` (`id`, `date`, `text`, `member_id`, `post_id`) VALUES ('5e39351b-2fa9-475e-a520-86483d0c0388', '2017-11-22 13:59:28', 'Non eius aspernatur dicta necessitatibus rerum qui ipsam. Voluptas culpa quasi minima voluptas qui. Eos voluptates ut esse quia repellat. Error officiis non adipisci cupiditate.', '530c0a83-4926-4a50-876a-d7338aa06382', '1181c77a-b73e-4fd6-8c77-2700908a25b0');
INSERT INTO `comment` (`id`, `date`, `text`, `member_id`, `post_id`) VALUES ('df5dbacf-6cef-4cca-bc65-fc44a8c268fe', '1980-06-18 05:30:28', 'Harum rerum ea iusto ut quam cupiditate nobis. Et tempore accusamus praesentium tempore. Maxime et eos quo in similique voluptate sit.', 'bf1a54fc-9ef0-4679-b3d9-f904c422460e', 'c1325b90-f9ec-46a5-9f71-a5137087fc0e');
INSERT INTO `comment` (`id`, `date`, `text`, `member_id`, `post_id`) VALUES ('9c771190-64a2-4b17-865a-828ab5c7baf6', '2023-11-24 16:46:24', 'Laboriosam repudiandae eligendi eligendi sit. Sunt enim sed dolorem impedit quis et. Qui rerum quas ad non.', 'da3dcc24-21c7-4064-8829-12d1c3b74993', 'afc611cd-a870-4467-979b-f3485e7aa691');
INSERT INTO `comment` (`id`, `date`, `text`, `member_id`, `post_id`) VALUES ('d801a528-649a-4c97-9a54-6a5afa66b443', '1996-02-10 00:31:19', 'Illum beatae quisquam quia iusto minima libero. Possimus repudiandae beatae non non et officiis. Cum molestiae quibusdam mollitia deleniti aut consequatur qui.', '278e1ef4-ece8-4832-8c4f-7884bede7f4d', '7bd4cc2d-3567-4be7-9871-53f3726a8a40');
INSERT INTO `comment` (`id`, `date`, `text`, `member_id`, `post_id`) VALUES ('8e22cc7f-0ffa-4f0a-8398-f6dc13e1c22e', '1993-05-06 02:19:38', 'Ut cupiditate ut quo et. Incidunt qui quia ad eligendi. Et eos laudantium saepe aut iusto voluptates voluptatem dolore. Quia mollitia deleniti nisi.', 'b5c0c008-7a08-49aa-ac65-712c557c626e', '6ed26163-e663-4aa1-888e-ce729d095657');
INSERT INTO `comment` (`id`, `date`, `text`, `member_id`, `post_id`) VALUES ('22d93c34-c116-44f2-9d9a-667e97a74289', '2003-03-14 08:22:24', 'Error hic necessitatibus dolorem sit inventore. Deleniti at temporibus quisquam. Animi sequi dolorum sint occaecati odio. Soluta voluptatem accusantium ut ut rerum assumenda in voluptas.', '310e715d-f51a-46cf-aee6-c9d2d3d3ba0f', '54a51eb2-e2a3-4a6e-83df-f4fdd9d57e27');
INSERT INTO `comment` (`id`, `date`, `text`, `member_id`, `post_id`) VALUES ('241b6ec4-7a50-4a15-930e-dcc5ae9aaf8b', '2015-02-03 05:52:16', 'Minus ut voluptatem corporis est neque dolores. Quos sed quasi ut exercitationem et provident. Modi et et rerum quasi dolores nostrum. Adipisci ipsa deleniti reprehenderit occaecati.', 'ed2841b8-9be0-43f6-8e69-a24cab7528c4', '1dbaa238-9631-4898-885a-517dfc6366cd');
INSERT INTO `comment` (`id`, `date`, `text`, `member_id`, `post_id`) VALUES ('c030b6a4-d0f2-4ff0-99b5-a1a72074cb2d', '1977-11-27 17:06:27', 'Fugiat iure culpa non. Perspiciatis eum dignissimos omnis corporis. Ut quis vitae rem aut placeat. Laboriosam et aut quis ipsa omnis vel voluptatem atque.', '55f64565-fb17-4243-a55c-eff674012e93', '954fe3b5-dba0-40cb-afa0-deb6ea9ba1a1');
INSERT INTO `comment` (`id`, `date`, `text`, `member_id`, `post_id`) VALUES ('0aece023-4506-4285-88b2-fca50b4141d1', '1991-03-31 07:33:03', 'Id ea et rerum dolorem et. Quia non dolores nobis iure aliquid. Voluptas ab facilis alias molestias repellat.', 'd4a3e42e-10a1-4fa8-b2e8-fde888e98247', '94fc7c9f-28c2-4e38-bed1-e1585c50dddc');
INSERT INTO `comment` (`id`, `date`, `text`, `member_id`, `post_id`) VALUES ('9d63728b-4f2d-4436-aa1c-c366c9eaf1a9', '2009-01-20 01:03:59', 'Et id nemo laboriosam expedita ut. Sint provident velit cumque optio. Hic natus et sint veniam vitae. Voluptatem distinctio et eligendi dignissimos sequi.', '563c93a2-651b-4e03-8a54-9db8d75e89a6', '541e9767-5fb6-4423-a860-69efc999faaa');
INSERT INTO `comment` (`id`, `date`, `text`, `member_id`, `post_id`) VALUES ('62d496a3-c1ef-4913-9a5d-f11ab3c742d1', '2018-09-08 15:51:14', 'Temporibus et et a sequi ut aperiam. Minus natus blanditiis dolorem nobis mollitia.', 'bb4a5929-0e0e-470b-9b5c-ed3854ab48a4', '939cfe18-d1ac-4899-a603-a7af209f7450');
INSERT INTO `comment` (`id`, `date`, `text`, `member_id`, `post_id`) VALUES ('99e948c9-6f4d-451a-9fca-23aca507546f', '2022-12-17 09:43:18', 'Eaque cupiditate animi qui laboriosam illum qui est. Eius possimus saepe ut. Exercitationem soluta dolor vero sed ad dolor repudiandae eum.', '7de1e118-b2c8-441d-a44c-bcf3a9167f68', '91493ca1-2af8-4240-9d76-e394a7cc4817');
INSERT INTO `comment` (`id`, `date`, `text`, `member_id`, `post_id`) VALUES ('352c4f27-e8aa-4e3e-bb14-3fda4ff19f50', '1974-03-11 08:09:20', 'Deserunt impedit sunt illum quidem commodi et. Aut pariatur voluptatum a aut corrupti aut. Qui eligendi velit ipsum modi. Sed doloremque repellat labore consequatur repudiandae nemo molestias.', '1eebe34d-a05b-4ff1-a18c-918ba8e3881c', '77f31752-0e06-4e46-8182-c1511968101d');
INSERT INTO `comment` (`id`, `date`, `text`, `member_id`, `post_id`) VALUES ('5878d669-b567-4561-97eb-40f9e2bdb10c', '2020-04-22 15:09:22', 'Vero officiis mollitia atque assumenda tempora ut. Optio nulla beatae vel non nemo pariatur rerum. Dolores consequatur non et voluptatem illum in. Ut consequatur cum sequi ea.', '44470bff-dda0-4026-adc2-3f76c8bec0fa', '75013645-b83e-4133-a154-10407d1d8967');
INSERT INTO `comment` (`id`, `date`, `text`, `member_id`, `post_id`) VALUES ('8c6eeaea-a2f3-4d14-8ca9-5ddd79749dde', '2002-10-03 10:29:50', 'Quasi vero qui quo autem iusto aut sed. Est pariatur ut sed quo. Quae sunt commodi non eum nihil. Et incidunt expedita molestias non hic aperiam alias.', 'aa44e245-fe1e-47d7-9361-2d25fdb9f463', '3f9e6ba6-cb41-415b-9221-a39713707db0');
INSERT INTO `comment` (`id`, `date`, `text`, `member_id`, `post_id`) VALUES ('980272e3-f87f-4479-8930-988bbb349dd6', '1997-07-22 02:18:33', 'Sunt nobis accusantium cupiditate illum pariatur. Vel veritatis recusandae adipisci laudantium. Qui quo aut eum quam voluptates corrupti.', '11bf312d-c7d5-4b3d-a1e6-37de65b66017', '64a53fbe-1c59-437f-ae6b-3e8af3bc4048');
INSERT INTO `comment` (`id`, `date`, `text`, `member_id`, `post_id`) VALUES ('01c22b99-8050-44c3-bd0b-e893a6347fac', '1983-12-08 05:19:18', 'Omnis qui et et nesciunt culpa. Ad ut qui aperiam autem voluptatem enim. Consequatur aliquam nisi porro culpa aut ut. Est laudantium quam voluptatibus voluptatibus perspiciatis modi.', '685c3ace-c422-4621-b96e-760d9ab34c70', '54b57c6f-d79b-4fbf-9ede-75324f982a3e');
INSERT INTO `comment` (`id`, `date`, `text`, `member_id`, `post_id`) VALUES ('67d13ee6-4493-4c3b-a27d-4402dc3b3b52', '2016-09-04 08:19:49', 'Quia odio voluptates voluptate et ut quo. Exercitationem consectetur placeat ut. Rem nulla veritatis nihil vero odit laboriosam non.', '65256574-380d-4a9e-9eb6-bd301988637d', '51f9c2a0-0df0-443c-8b66-53ccfa312081');
INSERT INTO `comment` (`id`, `date`, `text`, `member_id`, `post_id`) VALUES ('f1822ba2-d627-43a7-ade0-7c7077437361', '1976-11-16 00:21:18', 'Quo necessitatibus libero sequi. Eos delectus est accusantium mollitia earum. Ipsa nihil aspernatur eaque ut. Earum quo voluptas atque distinctio eligendi aliquam.', '280ca6d1-3129-4dfb-8b4e-2eef77fd8955', '2dcb343e-155c-4f37-8395-3696bf57172e');
INSERT INTO `comment` (`id`, `date`, `text`, `member_id`, `post_id`) VALUES ('1a735716-feba-4da9-8808-b5ca4004a1b1', '1989-07-01 00:57:35', 'Iusto et ea omnis vel ut cupiditate. Ab enim nulla quam qui. Odio necessitatibus quidem tempora et maiores delectus minima.', '5c372c7f-ee1f-4f3f-acb5-66d4af92dd92', 'e42ba629-1f1d-4f38-9014-3612684aa38d');
INSERT INTO `comment` (`id`, `date`, `text`, `member_id`, `post_id`) VALUES ('70122f42-e6cb-403b-b3b0-72c7557a3481', '2022-07-19 03:39:19', 'Et aut animi minima. Sed et dolores officia quibusdam aut cum. Fugiat consequatur iure minus repellendus. Repellendus sequi aspernatur deserunt ipsam enim culpa aliquam.', '091a22c5-d35f-4405-96b3-45dea13ffb9a', 'c225ef20-51b9-4cee-a81d-0e23b8c2e38a');
INSERT INTO `comment` (`id`, `date`, `text`, `member_id`, `post_id`) VALUES ('fab5cfc9-6ece-4b50-ad71-a2d8c6aee1cb', '1985-05-31 10:51:51', 'Iure et occaecati aliquam nesciunt natus sint soluta. Fuga ut consequatur qui rerum fuga at illo et. Sit consequatur ipsam accusantium est.', '12b85cb9-9745-42f6-bb53-f08aace2551b', '4c20d1e5-545c-4e65-ab48-b9ab466aa93b');
INSERT INTO `comment` (`id`, `date`, `text`, `member_id`, `post_id`) VALUES ('a61e6157-f484-4039-bfe1-4aaffc0f5ab1', '2004-07-30 21:34:11', 'Illo asperiores est deserunt aut omnis nostrum. Porro provident enim consequuntur sint sunt assumenda error ut.', '1d0b8d09-20c8-46f1-8fd8-203842215768', 'd6ce6e32-6a5e-45f7-a860-af030b6a2898');
INSERT INTO `comment` (`id`, `date`, `text`, `member_id`, `post_id`) VALUES ('45e86281-39fd-4c8e-bb30-d6c5b47de8ed', '2013-05-21 16:33:27', 'Illum sit vitae magni error harum. Sed non unde aut qui animi iure. Ab maiores maiores neque enim. Et dolores ut molestias voluptas consequatur. Saepe ut minima quae sit laboriosam corrupti in.', '2a3cbef5-3403-41a7-9bde-5d317ee4a274', 'a6efcc7c-0dcd-4be4-9120-1547e92686b4');
INSERT INTO `comment` (`id`, `date`, `text`, `member_id`, `post_id`) VALUES ('f8218dee-fe3d-42a7-a195-85ac153cbbd5', '1978-07-11 07:56:29', 'Officiis non velit quia. Suscipit earum et minima ducimus quis laudantium maiores. Quas voluptas sit rerum.', '43f8f46e-6b18-45f8-b97a-5d66283b9897', 'fbc46495-327b-452a-94c4-6cae2a252e1f');
INSERT INTO `comment` (`id`, `date`, `text`, `member_id`, `post_id`) VALUES ('04e034aa-a8c0-4061-a231-d0330984a8ee', '2014-12-15 20:59:12', 'Beatae est voluptas odit sint asperiores. Velit possimus ab harum iste. Nesciunt harum autem eveniet impedit iusto possimus.\nOdit minima voluptate quia. Sed atque repellat eaque nemo.', '530c0a83-4926-4a50-876a-d7338aa06382', '21e59bf7-5523-43aa-b4ac-51a461892ae4');
INSERT INTO `comment` (`id`, `date`, `text`, `member_id`, `post_id`) VALUES ('65eae865-634b-4b27-ac83-014f16c1148c', '1977-09-16 23:08:53', 'Ipsa enim minima qui ullam doloribus provident tenetur fuga. Quam nostrum omnis odit. Temporibus sint laborum quia sit quis adipisci. Id autem rerum ut aut.', 'bf1a54fc-9ef0-4679-b3d9-f904c422460e', '218fb09e-b827-4f96-8a03-3cddc1c6b44e');
INSERT INTO `comment` (`id`, `date`, `text`, `member_id`, `post_id`) VALUES ('9faf2074-9a06-4ad3-a561-2346dfdd143f', '2009-09-02 11:45:58', 'Id vero voluptatem voluptas qui. Molestias sit suscipit ea id eum id eum quam. Iusto qui officiis at rem ut sit aspernatur. Animi eos eos eaque.', 'da3dcc24-21c7-4064-8829-12d1c3b74993', '7433e796-e7e3-4b3d-aa2a-c26ae558c594');
INSERT INTO `comment` (`id`, `date`, `text`, `member_id`, `post_id`) VALUES ('d3b71921-4409-439d-8e19-4f2d44e17451', '2003-05-14 18:11:22', 'Quaerat odio ipsam repellat voluptatem eveniet. Reiciendis dolorum sunt fugiat officiis odit ea. Omnis delectus distinctio quae qui.', '278e1ef4-ece8-4832-8c4f-7884bede7f4d', 'e598bfa9-0386-439c-8cc5-015a6ef28719');
INSERT INTO `comment` (`id`, `date`, `text`, `member_id`, `post_id`) VALUES ('236b5323-9387-4f6a-9970-f18e4bcce96a', '1986-06-21 18:41:55', 'Non repudiandae blanditiis esse. Deserunt officia officia aut atque quis. Assumenda labore sed consequatur et ea nisi.', 'b5c0c008-7a08-49aa-ac65-712c557c626e', '3f811505-babd-417b-b9c3-079c55039f29');
INSERT INTO `comment` (`id`, `date`, `text`, `member_id`, `post_id`) VALUES ('f9a0dcbe-2ad1-4a0b-a4e7-04c481785342', '1998-02-22 14:09:22', 'Illo repellendus dolor odio labore vitae. Quia reprehenderit sed repudiandae repellat et. Nisi tempora ea quia sit et sunt. Et porro et aut ipsam sed.', '310e715d-f51a-46cf-aee6-c9d2d3d3ba0f', '4091c590-d4d2-4cc9-a3f5-6ca633b4d93b');
INSERT INTO `comment` (`id`, `date`, `text`, `member_id`, `post_id`) VALUES ('a22b12c6-9d08-433e-91b4-757c9a628772', '1970-11-11 04:19:19', 'Minus praesentium sed quia ea quia impedit eos. Doloremque eveniet ut officia libero possimus repellat sit. Quae qui aperiam voluptate debitis quasi.', 'ed2841b8-9be0-43f6-8e69-a24cab7528c4', '2681ea93-2a2a-4173-b73b-15a7e92077e4');
INSERT INTO `comment` (`id`, `date`, `text`, `member_id`, `post_id`) VALUES ('3063b85d-90ed-4af7-bf26-6761d11f1476', '1994-01-17 13:39:08', 'Voluptatem eveniet dolor nisi quia. Quis eos tempora voluptates in laudantium cupiditate in ipsam.', '55f64565-fb17-4243-a55c-eff674012e93', '42f92dc7-c669-4ec8-88ff-834d1045efbc');
INSERT INTO `comment` (`id`, `date`, `text`, `member_id`, `post_id`) VALUES ('921429d1-bc0f-46a6-a8b0-40a8b0888829', '1997-05-18 02:58:53', 'Voluptatem sint rem maxime molestiae fugit ipsa doloremque. Voluptatem sed fuga ut.\nEveniet sed voluptatibus maiores nam est. Occaecati dicta qui et consequatur corrupti.', 'd4a3e42e-10a1-4fa8-b2e8-fde888e98247', '2a030baa-ef64-4f88-9a68-9c2c8fdbe206');
INSERT INTO `comment` (`id`, `date`, `text`, `member_id`, `post_id`) VALUES ('34c61d53-09bd-4903-a0f3-f61fce1ed739', '2015-06-30 22:10:59', 'Esse quae dolores tempora aut. Totam consectetur enim est nostrum deserunt quod soluta atque. Aut rerum possimus nostrum eligendi rerum aut.', '563c93a2-651b-4e03-8a54-9db8d75e89a6', '29916e22-65cb-475e-b83f-8105f8f037f3');
INSERT INTO `comment` (`id`, `date`, `text`, `member_id`, `post_id`) VALUES ('63dd1fd9-a540-4767-9442-be886ada88e5', '2017-01-25 01:43:08', 'Libero alias officiis consequuntur impedit ipsam tenetur. Et corrupti et amet odio consequatur et. Temporibus at asperiores dolor. A molestias aspernatur iure minus autem sit nobis vero.', 'bb4a5929-0e0e-470b-9b5c-ed3854ab48a4', '19bc7c64-e35a-4694-a839-e89d6f994e31');
INSERT INTO `comment` (`id`, `date`, `text`, `member_id`, `post_id`) VALUES ('3c5caabd-38b5-4111-8265-2aaeb123fdeb', '2011-10-11 01:11:18', 'Eligendi beatae nemo id rerum iste. Quas aut et dolor architecto consequuntur vero quibusdam. Commodi iure rem porro facere.', '7de1e118-b2c8-441d-a44c-bcf3a9167f68', '05be989d-6c7a-49a2-a284-1c3dded86d34');
INSERT INTO `comment` (`id`, `date`, `text`, `member_id`, `post_id`) VALUES ('9cb21710-2207-47cb-955a-6268c1f79fe4', '2002-09-29 19:56:26', 'Voluptates explicabo voluptatem nihil repudiandae. Dolorem non porro delectus. Itaque sit asperiores mollitia.', '1eebe34d-a05b-4ff1-a18c-918ba8e3881c', '18b545dd-aea7-4cce-8b29-3f10d14e3f5a');
INSERT INTO `comment` (`id`, `date`, `text`, `member_id`, `post_id`) VALUES ('6ba2c375-a192-4e06-bb85-8ccdf587ebca', '2023-09-06 02:53:52', 'Enim ut est ut recusandae ut. Magni expedita fuga pariatur nihil. Ut quisquam pariatur cupiditate minima rerum sed. Voluptate iure iusto vitae nihil ratione fugiat.', '44470bff-dda0-4026-adc2-3f76c8bec0fa', '7000d7e7-3f78-4941-b04f-e5e87392c6f9');
INSERT INTO `comment` (`id`, `date`, `text`, `member_id`, `post_id`) VALUES ('4183d933-34c0-4963-bf6e-1fcbe28ff3db', '1996-12-20 15:49:04', 'Omnis sit quia qui rerum vel sapiente rem a. Repellat sed aliquid voluptatem et nostrum. In consequatur est expedita aut. Quidem nobis quia quidem.', 'aa44e245-fe1e-47d7-9361-2d25fdb9f463', 'c3c6ff72-108c-46db-acc9-00510a6c78b4');
INSERT INTO `comment` (`id`, `date`, `text`, `member_id`, `post_id`) VALUES ('c0f90e18-88f9-4e4c-8d4d-b5e30b702a42', '2018-02-26 00:38:20', 'Officia quisquam unde nemo. Aliquid debitis magnam quae nobis eaque qui iste dolores. Iste et et asperiores ipsam autem aperiam quisquam.', '11bf312d-c7d5-4b3d-a1e6-37de65b66017', 'e01abf2f-9093-4ca8-af90-f333e908cdda');
INSERT INTO `comment` (`id`, `date`, `text`, `member_id`, `post_id`) VALUES ('c9626037-d6f3-46b1-8ab9-7d9ee55d1b96', '1983-10-15 07:51:57', 'In aperiam et adipisci. Ut velit et quae tempore et sed necessitatibus ipsam. Omnis et modi rerum. Consequatur et eum et vero dolore odit.', '685c3ace-c422-4621-b96e-760d9ab34c70', 'f49ccb3c-65e3-40cf-9c0e-e5c9de24a60f');
INSERT INTO `comment` (`id`, `date`, `text`, `member_id`, `post_id`) VALUES ('b394e739-80b9-49d1-941e-ead7c38ba8a2', '1974-11-09 07:13:15', 'Qui ut et nesciunt expedita. Assumenda eum rerum tempora aut laudantium. Eum iure qui et repellat voluptates dolor vel. Ab aut aut dolor facere autem.', '65256574-380d-4a9e-9eb6-bd301988637d', '85cb2fac-b8e6-48a4-abda-556b9f602b7e');
INSERT INTO `comment` (`id`, `date`, `text`, `member_id`, `post_id`) VALUES ('cd8f38a6-00b3-4188-bba1-c379befe7f78', '1973-06-01 23:17:06', 'Nihil ea qui modi vitae quia nihil. Deserunt quia perspiciatis et. Error qui nisi sint.', '280ca6d1-3129-4dfb-8b4e-2eef77fd8955', '7660d0d7-efa6-49ae-acc0-efe7a72f8f02');
INSERT INTO `comment` (`id`, `date`, `text`, `member_id`, `post_id`) VALUES ('79d1df77-67a0-44be-b4f1-ec01ac1677bf', '2016-03-10 01:20:25', 'Voluptas nemo quia molestias. Modi nobis cumque amet nisi rerum qui. Autem odio aspernatur fugiat corporis.', '5c372c7f-ee1f-4f3f-acb5-66d4af92dd92', '933c4ff0-6217-4515-8487-ed364457dd39');
INSERT INTO `comment` (`id`, `date`, `text`, `member_id`, `post_id`) VALUES ('cf9a1ee9-5874-474b-9ef6-f7d87a773656', '1984-12-31 05:48:29', 'Voluptate laborum vel ut laboriosam. Illo itaque ut possimus. Molestias non autem voluptate rerum quibusdam dolorem. Qui tenetur voluptas nesciunt quia quaerat.', '091a22c5-d35f-4405-96b3-45dea13ffb9a', '9631878e-497f-4807-a894-df9dcfb014a0');
INSERT INTO `comment` (`id`, `date`, `text`, `member_id`, `post_id`) VALUES ('5fd0db82-1d4a-460b-8e39-3a5cec544fa7', '1994-05-31 19:10:07', 'Beatae nihil quibusdam sed ad. Dolor corrupti et quos aut saepe totam architecto est. Dolor saepe explicabo deserunt distinctio.', '12b85cb9-9745-42f6-bb53-f08aace2551b', '62902ef5-06d2-4cd2-a1d5-15d320892145');
INSERT INTO `comment` (`id`, `date`, `text`, `member_id`, `post_id`) VALUES ('95df973a-0036-4b84-8a70-1be2cfaaaa91', '1977-02-07 17:22:46', 'Nam nobis officiis sint et delectus. Facere rerum voluptatem aperiam libero odit eligendi aliquid. Quo harum quis ullam aut.', '1d0b8d09-20c8-46f1-8fd8-203842215768', 'c2c53fc1-b424-4776-b1ea-bffd9db8b19d');
INSERT INTO `comment` (`id`, `date`, `text`, `member_id`, `post_id`) VALUES ('52854706-6a7d-4b34-a56f-32d1e778d2a5', '1988-08-18 05:00:38', 'Expedita voluptatem laudantium nihil est quasi. Ut omnis quos quibusdam nesciunt consequatur et. Sed occaecati voluptatum aliquid quod natus.', '2a3cbef5-3403-41a7-9bde-5d317ee4a274', '1003831a-c895-4a20-959f-ceb03e0c28d5');
INSERT INTO `comment` (`id`, `date`, `text`, `member_id`, `post_id`) VALUES ('41606fb8-20a3-475e-acc2-daa8547b854b', '1996-03-07 20:26:49', 'Odio et quasi accusamus harum eaque qui. Aut asperiores occaecati laboriosam iste soluta dolore ut. Qui aut quasi perferendis et suscipit.', '43f8f46e-6b18-45f8-b97a-5d66283b9897', '684a9599-7422-462a-b8a6-b1451ca844d5');
INSERT INTO `comment` (`id`, `date`, `text`, `member_id`, `post_id`) VALUES ('4f053518-6ad2-4283-81bd-e1b232006a46', '2008-11-16 21:30:59', 'Commodi excepturi ab et. Quidem exercitationem recusandae accusantium quasi placeat modi. Non dolorem nemo et vitae error.', '530c0a83-4926-4a50-876a-d7338aa06382', 'ae0e28a0-e5ca-44ca-be50-e4def6637d79');
INSERT INTO `comment` (`id`, `date`, `text`, `member_id`, `post_id`) VALUES ('56c66680-6f4d-47e7-a9df-1f435bf2d5fc', '1997-08-01 09:45:18', 'Atque porro quis voluptas nisi qui. A reiciendis soluta ratione aut sit nam. Sit dolore consequuntur voluptas maxime et.', 'bf1a54fc-9ef0-4679-b3d9-f904c422460e', '6a8cd71c-b1e1-4f57-890a-ab6835c3e9a3');
INSERT INTO `comment` (`id`, `date`, `text`, `member_id`, `post_id`) VALUES ('48f4cdd3-ed2b-413a-babe-ad774b04f680', '1973-03-21 18:23:14', 'Laudantium molestiae maxime qui veritatis excepturi et. Ab qui alias voluptas autem possimus nulla molestias.', 'da3dcc24-21c7-4064-8829-12d1c3b74993', '5f017f35-8f4c-4eaf-9160-a7333784d0d3');
INSERT INTO `comment` (`id`, `date`, `text`, `member_id`, `post_id`) VALUES ('87a6db7f-a062-4aa2-af41-cfbe3c55d82a', '2003-02-02 16:05:21', 'Voluptates nisi sint velit. Ipsum voluptatem et maxime non. Cum quos temporibus qui quia cupiditate consequatur consequatur. Voluptatum ea exercitationem error dignissimos atque dicta dolor.', '278e1ef4-ece8-4832-8c4f-7884bede7f4d', '256cfb29-3df0-48af-8193-784492653727');
INSERT INTO `comment` (`id`, `date`, `text`, `member_id`, `post_id`) VALUES ('2fc1a8cc-f6d2-4ac7-8b33-7b5c5b78e087', '2004-03-31 07:51:06', 'Ex voluptatum ducimus aut ut sed in. Eos provident aut laudantium neque quia quod voluptatem laborum. Sint neque molestias enim.', 'b5c0c008-7a08-49aa-ac65-712c557c626e', 'dfe0d74e-ded0-4cb2-9552-26911ac56223');
INSERT INTO `comment` (`id`, `date`, `text`, `member_id`, `post_id`) VALUES ('8d0ef69c-6d09-44d5-adb7-0f60e242062b', '2008-02-14 07:01:11', 'Et dolor doloremque voluptatem tenetur exercitationem sed eos. Qui vel ab at omnis tempora quaerat sapiente voluptas. Quia qui consectetur pariatur numquam inventore provident et dolores.', '310e715d-f51a-46cf-aee6-c9d2d3d3ba0f', 'e5d89c24-8d10-4e33-ad56-6490912c188b');
INSERT INTO `comment` (`id`, `date`, `text`, `member_id`, `post_id`) VALUES ('5d98d5a4-5378-43c9-bd88-ade032b6f021', '2014-05-13 21:08:14', 'Ab quia eum vero quis aliquam. Mollitia consequatur esse nobis deleniti. Soluta numquam maiores tempore voluptatibus.', 'ed2841b8-9be0-43f6-8e69-a24cab7528c4', '07d5a5ee-fa1b-4cd3-8554-cf8c4112a039');
INSERT INTO `comment` (`id`, `date`, `text`, `member_id`, `post_id`) VALUES ('a6e7e572-4d25-4856-bb5a-40ffcdc69feb', '2020-07-07 12:06:08', 'Consectetur magnam consequatur error quia optio qui est. Nesciunt exercitationem eaque repudiandae exercitationem.', '55f64565-fb17-4243-a55c-eff674012e93', '53023f19-d052-45ce-9cf6-e78a4a955c14');
INSERT INTO `comment` (`id`, `date`, `text`, `member_id`, `post_id`) VALUES ('a2d62ee6-030d-4abf-9f50-ed1f9e00171d', '2001-03-28 20:12:05', 'In quod architecto quibusdam. Qui aut vel eius perferendis. Sit facilis molestias ex dolor eveniet dolor nulla non. Qui cupiditate aut ipsam alias earum unde unde.', 'd4a3e42e-10a1-4fa8-b2e8-fde888e98247', '3de7f64f-b928-4913-893a-280e7f50ce61');
INSERT INTO `comment` (`id`, `date`, `text`, `member_id`, `post_id`) VALUES ('3b19bbc3-1845-4d99-969f-8c36e4cafdf8', '1995-07-31 20:12:49', 'Saepe eius minus nihil excepturi rerum. Accusantium adipisci molestias ipsa praesentium occaecati. Enim in exercitationem ut eligendi.\nSit iusto amet assumenda. Harum laborum et enim hic laborum.', '563c93a2-651b-4e03-8a54-9db8d75e89a6', '70518923-703e-42b0-bf3f-9c071e4b01cd');
INSERT INTO `comment` (`id`, `date`, `text`, `member_id`, `post_id`) VALUES ('9e71d481-b91a-4cd7-a786-53c51bb5a5d2', '1998-09-18 20:40:42', 'Nesciunt repellat quo reiciendis voluptas consequuntur fugit dignissimos. Dolores ut repudiandae non eum. Aut qui sit eaque esse porro quod dolorum molestiae.', 'bb4a5929-0e0e-470b-9b5c-ed3854ab48a4', 'b8a7cd0e-e20c-494c-91c6-734267274a93');
INSERT INTO `comment` (`id`, `date`, `text`, `member_id`, `post_id`) VALUES ('2d246467-84dc-4eef-b70a-5fd738e7a24e', '2013-12-02 11:22:48', 'Eos placeat aut ipsum eveniet. Reiciendis reprehenderit in dolorem aspernatur voluptatem cum neque. Nulla eum necessitatibus aut autem cumque quam enim. Ab inventore rerum repellat.', '7de1e118-b2c8-441d-a44c-bcf3a9167f68', '15ea8961-4ab7-45b0-865a-d034486baa05');
INSERT INTO `comment` (`id`, `date`, `text`, `member_id`, `post_id`) VALUES ('596385c3-ae9a-43cd-9a88-339c038ed71e', '1984-04-27 05:43:19', 'Quaerat perspiciatis pariatur eaque nam et iste. Laboriosam aut placeat quaerat porro. Doloremque enim aut vitae saepe.', '1eebe34d-a05b-4ff1-a18c-918ba8e3881c', '795c5bd0-ac34-442d-ab7d-43669b1cbbe6');
INSERT INTO `comment` (`id`, `date`, `text`, `member_id`, `post_id`) VALUES ('1676a943-cbfc-4641-8120-726d24890d8e', '1999-07-31 05:46:26', 'Nobis totam minus optio doloremque sint magni quaerat. Iure voluptatum voluptatem iure quae sequi impedit. Praesentium tenetur et libero doloribus aspernatur voluptatem.', '44470bff-dda0-4026-adc2-3f76c8bec0fa', '5f7453b0-2a55-44d4-b9fb-d6abfeb69f12');
INSERT INTO `comment` (`id`, `date`, `text`, `member_id`, `post_id`) VALUES ('3ed0c98c-71ce-4213-8793-43f4935b23c6', '1989-08-22 21:55:35', 'Et velit est et omnis nobis sit quis est. Officiis ratione eos aliquid. Quam corrupti velit doloremque eveniet magni est vero.', 'aa44e245-fe1e-47d7-9361-2d25fdb9f463', 'b4ca2456-7b31-4e00-ace2-27a9513624fb');
INSERT INTO `comment` (`id`, `date`, `text`, `member_id`, `post_id`) VALUES ('160a4e44-1122-410f-8e7b-3b1861fc1e96', '1976-12-10 14:27:49', 'Possimus facilis et sit non. Aperiam pariatur praesentium eligendi at aut provident neque. Recusandae recusandae et ex veritatis.', '11bf312d-c7d5-4b3d-a1e6-37de65b66017', '24c5f1c6-6a30-480b-a46f-50e1068d5892');
INSERT INTO `comment` (`id`, `date`, `text`, `member_id`, `post_id`) VALUES ('35f04e53-1344-4e88-b5c9-b9535c8ffde5', '2016-06-13 15:37:46', 'Qui nam sed veniam et vitae. Quis vero omnis at rem neque debitis. Voluptate quo magni aut repellendus possimus.\nConsequatur temporibus harum sit aut est saepe. Distinctio vel et molestiae est odit.', '685c3ace-c422-4621-b96e-760d9ab34c70', '8b50b3bd-69f9-42de-837c-a96c7d4d038d');
INSERT INTO `comment` (`id`, `date`, `text`, `member_id`, `post_id`) VALUES ('a5675a38-abfd-4ca4-bc65-f3ca104b574e', '1996-08-15 11:40:58', 'Id saepe amet quo laborum. Facere maxime voluptatem dignissimos aliquid et et et. Sint perspiciatis et aliquam quo.', '65256574-380d-4a9e-9eb6-bd301988637d', 'ce86a311-4aef-4992-a11a-5f6ae479578a');
INSERT INTO `comment` (`id`, `date`, `text`, `member_id`, `post_id`) VALUES ('7fa2b09f-a267-4058-8fd0-5f1bf36a0fb6', '1978-02-01 09:32:29', 'Quam in ex sed voluptate. Iusto voluptatibus sed in repudiandae odit. Recusandae vel dolorem asperiores. In labore saepe quos dolorum.', '280ca6d1-3129-4dfb-8b4e-2eef77fd8955', 'a4e0c631-ed7f-459c-9026-6d35aaa5698c');
INSERT INTO `comment` (`id`, `date`, `text`, `member_id`, `post_id`) VALUES ('8d45ccb3-b239-4c95-a060-4da056fce258', '2020-04-01 07:44:23', 'Qui aut sapiente eligendi ea sit nihil voluptatem eum. Et id perferendis quia rem non quia. Nulla explicabo aperiam doloremque ut voluptas architecto. Adipisci facilis non perspiciatis ex.', '5c372c7f-ee1f-4f3f-acb5-66d4af92dd92', '9c395e0f-17f6-445e-9d47-20e17e93a255');
INSERT INTO `comment` (`id`, `date`, `text`, `member_id`, `post_id`) VALUES ('d27381e9-8161-46b4-be64-23d44cfd9ec5', '1975-10-12 12:28:11', 'Quidem et veritatis qui distinctio beatae quasi et. Voluptatum reprehenderit commodi officia est ut vitae laborum doloribus. Earum quibusdam explicabo qui vel.', '091a22c5-d35f-4405-96b3-45dea13ffb9a', 'a7eac7e6-4a64-4b28-a033-038fdc70cba3');
INSERT INTO `comment` (`id`, `date`, `text`, `member_id`, `post_id`) VALUES ('287a36cb-de60-479c-8b99-0e81731f1cd7', '2016-10-22 11:32:24', 'Dolorem corrupti et in nemo voluptates in. Mollitia corrupti aut qui libero debitis aut. Ea illum modi qui et omnis quod. Enim in sit cupiditate sit inventore qui.', '12b85cb9-9745-42f6-bb53-f08aace2551b', 'c4cbace4-ebae-4441-9994-f155765113ce');
INSERT INTO `comment` (`id`, `date`, `text`, `member_id`, `post_id`) VALUES ('8352f50d-b6d1-4d5b-9855-914f5446d8f9', '1987-08-16 13:38:57', 'Debitis id dolores animi id. Repudiandae non accusantium ipsa. Nisi repellat reprehenderit id repellendus. Voluptas aliquid eum porro ad aut.', '1d0b8d09-20c8-46f1-8fd8-203842215768', '5f33264c-209c-473a-846d-2ea8ddafd399');
INSERT INTO `comment` (`id`, `date`, `text`, `member_id`, `post_id`) VALUES ('508b2139-1583-4976-ae12-01b49a3733f8', '1990-01-25 00:21:15', 'Voluptatem et voluptate ut doloremque. Repudiandae architecto asperiores in id asperiores sequi dolorem. Rem aliquid fuga cum et aperiam maxime esse.', '2a3cbef5-3403-41a7-9bde-5d317ee4a274', '1b2b324b-a9da-4f2b-a9cd-cb62289bbb1e');
INSERT INTO `comment` (`id`, `date`, `text`, `member_id`, `post_id`) VALUES ('b923f88e-43cc-40fd-8a81-792edad8d824', '2015-05-10 15:22:49', 'Quisquam dolores laboriosam laboriosam doloremque blanditiis aut. Eum sit sapiente voluptatem. Blanditiis quis laudantium qui.', '43f8f46e-6b18-45f8-b97a-5d66283b9897', 'a0861b2c-ff5d-4eb3-9a2c-77f445c4ff01');
INSERT INTO `comment` (`id`, `date`, `text`, `member_id`, `post_id`) VALUES ('b4d82beb-0e7d-4c54-b347-d53f568d9cc8', '1984-05-20 12:39:49', 'Quas impedit iste fuga repellendus nisi dolor. Rerum cum exercitationem ad nemo soluta doloribus nobis.', '530c0a83-4926-4a50-876a-d7338aa06382', 'fe5dc86c-498c-47d6-bb42-9b1e16a59f82');
INSERT INTO `comment` (`id`, `date`, `text`, `member_id`, `post_id`) VALUES ('9115d52a-d2bc-4489-94b9-d1e7b182aaab', '2016-03-17 15:33:02', 'Facilis non id et voluptatem enim. Labore enim aspernatur molestiae sunt nesciunt laboriosam eos. Dolorem consequatur dolore possimus nulla amet non qui quos.', 'bf1a54fc-9ef0-4679-b3d9-f904c422460e', 'bfc54451-6bcb-4df4-9bc5-2bd9e730ee6f');
INSERT INTO `comment` (`id`, `date`, `text`, `member_id`, `post_id`) VALUES ('b0d720d6-1e8f-4a10-8604-a0aa669c2f0e', '1979-04-24 01:36:56', 'Placeat consequuntur omnis sunt ut saepe repellendus ipsum. Culpa cum doloremque quaerat. Quis sunt qui cumque ea eveniet exercitationem. Est nemo modi est et dolorum.', 'da3dcc24-21c7-4064-8829-12d1c3b74993', '964be3bc-4ab9-4b9f-95a2-5efb62b6bb21');
INSERT INTO `comment` (`id`, `date`, `text`, `member_id`, `post_id`) VALUES ('c170192d-a06a-42d7-99a3-aba6f0ea89c2', '2006-10-28 14:02:46', 'Vitae earum qui soluta voluptates qui quisquam. Accusamus recusandae repellendus dicta id. Alias rerum et exercitationem hic qui. Consectetur sed at exercitationem eius facilis ipsa.', '278e1ef4-ece8-4832-8c4f-7884bede7f4d', 'a6e2f133-d7cb-4e5e-9fc8-f04b31e569aa');
INSERT INTO `comment` (`id`, `date`, `text`, `member_id`, `post_id`) VALUES ('6e50915d-c5e4-42d8-ae74-2f834f08b905', '1977-08-08 13:01:27', 'Veniam excepturi magnam autem dolores expedita. Ut blanditiis magni qui consequatur omnis aliquid rerum. Atque accusamus impedit ut qui qui.', 'b5c0c008-7a08-49aa-ac65-712c557c626e', '2c6c12cc-fc89-4fce-b252-f06ebd1a10aa');
INSERT INTO `comment` (`id`, `date`, `text`, `member_id`, `post_id`) VALUES ('b441396d-e88f-47c3-9886-41a23f6ebd45', '1971-06-24 17:56:47', 'Ea perferendis rerum expedita. Voluptatibus ut placeat autem ipsum iusto aperiam. Aperiam rerum delectus voluptatem quis hic accusamus velit labore.', '310e715d-f51a-46cf-aee6-c9d2d3d3ba0f', 'e41d93c9-3118-4c1a-84b5-9291b61994d8');
INSERT INTO `comment` (`id`, `date`, `text`, `member_id`, `post_id`) VALUES ('931254ab-0ca7-477f-94bb-12148a26af06', '2002-12-26 13:39:58', 'Omnis exercitationem sint a. Est ipsam reprehenderit dolorum repellendus. Temporibus quae qui et magni architecto.', 'ed2841b8-9be0-43f6-8e69-a24cab7528c4', 'd682abb3-4aae-4752-a7dc-46bcd7ca1de9');
INSERT INTO `comment` (`id`, `date`, `text`, `member_id`, `post_id`) VALUES ('14aa458e-b065-4bd7-84ea-ae9c77331e5b', '2018-02-23 20:55:21', 'Placeat deleniti nobis est laboriosam magnam assumenda. Sit minus unde enim natus minus. Nisi placeat adipisci magnam sequi. Nisi fuga atque est officia enim minus ullam numquam.', '55f64565-fb17-4243-a55c-eff674012e93', '5bde3b99-8e34-46ae-bed5-628ffa2309dd');
INSERT INTO `comment` (`id`, `date`, `text`, `member_id`, `post_id`) VALUES ('b34d6f6e-bb91-4257-891d-f469212cc0e2', '2024-10-30 23:27:27', 'Odit nam sunt sit voluptates vitae. Id et molestiae quo. Optio officiis numquam perspiciatis fuga incidunt iusto magni rerum.', 'd4a3e42e-10a1-4fa8-b2e8-fde888e98247', '45f6659f-7e1c-48e3-a553-406776f69320');
INSERT INTO `comment` (`id`, `date`, `text`, `member_id`, `post_id`) VALUES ('31b4210e-8a3a-47f9-a4c1-95f0f27b421a', '1995-09-30 06:01:53', 'Nihil quo doloremque assumenda doloribus. Eveniet quas inventore qui ea ut.', '563c93a2-651b-4e03-8a54-9db8d75e89a6', 'efe57ff1-e8d9-434b-b5f9-9661edc3a805');
INSERT INTO `comment` (`id`, `date`, `text`, `member_id`, `post_id`) VALUES ('1e84aceb-9b0b-4753-9227-4a913ad7278e', '1983-05-14 16:19:54', 'Aut impedit id cum quibusdam ea facilis. Culpa tempora ipsa voluptatem similique. Provident aperiam autem eaque sit occaecati suscipit corrupti.', 'bb4a5929-0e0e-470b-9b5c-ed3854ab48a4', '57b1f16c-3b5d-484b-9950-47826facc2ee');
INSERT INTO `comment` (`id`, `date`, `text`, `member_id`, `post_id`) VALUES ('335b8084-b281-4163-a05f-9fadcaee5b83', '1996-05-03 13:31:00', 'Ut delectus molestiae adipisci neque. Impedit non aliquam blanditiis vel error deserunt. Et doloribus nisi id. Odio dicta quia tempora vel numquam voluptas dolore.', '7de1e118-b2c8-441d-a44c-bcf3a9167f68', 'c1bc2f3f-f049-478d-999d-9ad8f25c0aeb');
INSERT INTO `comment` (`id`, `date`, `text`, `member_id`, `post_id`) VALUES ('5d50587a-95d8-44c5-8a21-eaca5d3069fa', '1984-12-23 16:18:19', 'Et explicabo accusantium aperiam eaque. Magni est sit molestiae.', '1eebe34d-a05b-4ff1-a18c-918ba8e3881c', '13c1dbba-a959-472b-b94c-676c1dcd48bc');
INSERT INTO `comment` (`id`, `date`, `text`, `member_id`, `post_id`) VALUES ('38d7d7a8-5133-4c21-890e-c3dfa337b313', '2024-01-28 19:25:31', 'Minus minima similique iste recusandae eos perferendis. Unde nobis rem quo. Et beatae voluptas quasi. Explicabo qui maxime nostrum labore amet sit.', '44470bff-dda0-4026-adc2-3f76c8bec0fa', '0180edde-a1d0-4a85-8e6b-f83e8afabeaf');
INSERT INTO `comment` (`id`, `date`, `text`, `member_id`, `post_id`) VALUES ('8dc40bab-71f6-48bd-abe6-41a35707144a', '2018-02-20 23:39:08', 'Nesciunt omnis est officia dolores blanditiis aut. Exercitationem delectus aliquid magni ratione et error. Est odit voluptas officia a est animi doloremque consectetur. Sint quo dolores atque et.', 'aa44e245-fe1e-47d7-9361-2d25fdb9f463', '5dde9fdd-4c94-4a1c-a95c-b95e5ac0e1ec');
INSERT INTO `comment` (`id`, `date`, `text`, `member_id`, `post_id`) VALUES ('5a50fe77-4634-41dd-8104-a21c72b52432', '1997-10-02 11:13:35', 'Fuga suscipit est rerum sint quis qui non. Quia repudiandae possimus minima magnam ut aut. Omnis odit distinctio quia est. Minima eveniet impedit voluptates tempora velit sapiente eius.', '11bf312d-c7d5-4b3d-a1e6-37de65b66017', 'f3bbb6dc-82be-4925-9e56-e77d74b7c918');
INSERT INTO `comment` (`id`, `date`, `text`, `member_id`, `post_id`) VALUES ('11d066d4-4ba1-435e-9292-ac719dc6064d', '1988-09-22 01:54:49', 'Esse et voluptatem et qui. Consequatur voluptatem quo totam numquam quam. Repellat at ipsum non rerum ipsum.\nExplicabo velit quibusdam provident quam. Culpa ut dolores placeat placeat fugiat.', '685c3ace-c422-4621-b96e-760d9ab34c70', 'a6f4af58-622f-45d1-9204-938ac9f9fa8e');
INSERT INTO `comment` (`id`, `date`, `text`, `member_id`, `post_id`) VALUES ('d52449bd-8b0a-4b94-af71-1168043dd36e', '1981-08-13 09:33:06', 'Sint ut commodi et aperiam aut dolor molestiae. Quibusdam repellendus suscipit voluptatibus eum et at. Asperiores explicabo nostrum tempore nostrum et.', '65256574-380d-4a9e-9eb6-bd301988637d', '1181c77a-b73e-4fd6-8c77-2700908a25b0');
INSERT INTO `comment` (`id`, `date`, `text`, `member_id`, `post_id`) VALUES ('8c94ca26-95f9-4fea-9fe2-31dbf9b66d74', '2012-10-09 08:18:57', 'Exercitationem quia quasi ex minima delectus officia. Voluptatum cumque qui nisi quibusdam. Dignissimos qui amet in recusandae adipisci.', '280ca6d1-3129-4dfb-8b4e-2eef77fd8955', 'c1325b90-f9ec-46a5-9f71-a5137087fc0e');
INSERT INTO `comment` (`id`, `date`, `text`, `member_id`, `post_id`) VALUES ('ffb31c16-0567-4d2c-ad32-8bb838cb4fe6', '1986-11-01 03:22:08', 'Earum sint itaque quos pariatur perferendis debitis ut. Minima aspernatur est porro quia qui repellat. Saepe ea id natus officiis.', '5c372c7f-ee1f-4f3f-acb5-66d4af92dd92', 'afc611cd-a870-4467-979b-f3485e7aa691');
INSERT INTO `comment` (`id`, `date`, `text`, `member_id`, `post_id`) VALUES ('30f87655-844c-4650-b159-a9e4e9e63156', '1981-04-07 22:34:43', 'Nesciunt et ea in. Consequuntur repudiandae ipsam sint sunt. Dicta provident sit error cum velit.', '091a22c5-d35f-4405-96b3-45dea13ffb9a', '7bd4cc2d-3567-4be7-9871-53f3726a8a40');
INSERT INTO `comment` (`id`, `date`, `text`, `member_id`, `post_id`) VALUES ('1f31fcdb-a97c-444b-a0bd-eb165a622045', '2007-01-16 12:11:27', 'Mollitia enim blanditiis ab sequi praesentium sit est maiores. Non incidunt ab eaque ut. Libero illum minus odio eius deleniti. Dolorum quia velit ut voluptas ipsam.', '12b85cb9-9745-42f6-bb53-f08aace2551b', '6ed26163-e663-4aa1-888e-ce729d095657');
INSERT INTO `comment` (`id`, `date`, `text`, `member_id`, `post_id`) VALUES ('7564c6b5-c0b6-4be1-922b-b5f9198816e1', '1993-02-13 16:19:47', 'Eum ratione quis quis illum magnam libero. Quis eveniet explicabo eligendi quis vitae est aut. Eum odio quaerat accusamus facilis sed maiores molestiae est.', '1d0b8d09-20c8-46f1-8fd8-203842215768', '54a51eb2-e2a3-4a6e-83df-f4fdd9d57e27');
INSERT INTO `comment` (`id`, `date`, `text`, `member_id`, `post_id`) VALUES ('7c8dba41-1253-411c-b9f0-7bd16132356c', '2024-03-01 08:28:39', 'Ad dolore reiciendis nemo quos nulla aliquam rerum. Iure quae voluptatem est. Sit magnam iste expedita expedita inventore nulla. Harum rerum fugiat itaque alias eum quisquam perferendis.', '2a3cbef5-3403-41a7-9bde-5d317ee4a274', '1dbaa238-9631-4898-885a-517dfc6366cd');
INSERT INTO `comment` (`id`, `date`, `text`, `member_id`, `post_id`) VALUES ('0f149822-e386-41b5-8624-ccd1fd7e2ea1', '2011-03-20 06:22:57', 'Rem a doloremque quis temporibus rerum reprehenderit non commodi. Fugiat officia enim voluptate et. Reiciendis error fugiat et alias.', '43f8f46e-6b18-45f8-b97a-5d66283b9897', '954fe3b5-dba0-40cb-afa0-deb6ea9ba1a1');
INSERT INTO `comment` (`id`, `date`, `text`, `member_id`, `post_id`) VALUES ('beb88775-192f-482e-ae88-3fb25d67d1b6', '2009-11-03 17:54:00', 'Voluptatem iure quia magnam ut voluptatibus. Exercitationem sint distinctio quaerat et qui illo. Ducimus consequatur assumenda nihil voluptatem omnis ipsa.', '530c0a83-4926-4a50-876a-d7338aa06382', '94fc7c9f-28c2-4e38-bed1-e1585c50dddc');
INSERT INTO `comment` (`id`, `date`, `text`, `member_id`, `post_id`) VALUES ('e7d75036-2e53-4541-8684-a2edf01720c6', '1982-05-21 18:51:26', 'Voluptatem nisi tempore sint laboriosam nihil provident. Ut officia delectus hic enim expedita. Iste omnis nemo voluptas at.', 'bf1a54fc-9ef0-4679-b3d9-f904c422460e', '541e9767-5fb6-4423-a860-69efc999faaa');
INSERT INTO `comment` (`id`, `date`, `text`, `member_id`, `post_id`) VALUES ('bff78ac4-5eef-4d8c-acb6-652f227a3e94', '1986-06-21 04:30:34', 'Et est aut saepe corrupti vel. Repellat perspiciatis reprehenderit nemo quidem. Nobis qui magni non est mollitia.', 'da3dcc24-21c7-4064-8829-12d1c3b74993', '939cfe18-d1ac-4899-a603-a7af209f7450');
INSERT INTO `comment` (`id`, `date`, `text`, `member_id`, `post_id`) VALUES ('4c43e638-e8ed-4441-b430-c255ae10cb15', '2014-05-04 10:10:04', 'Quisquam et enim aperiam odio similique consequatur eos. Nulla ducimus reiciendis iure.', '278e1ef4-ece8-4832-8c4f-7884bede7f4d', '91493ca1-2af8-4240-9d76-e394a7cc4817');
INSERT INTO `comment` (`id`, `date`, `text`, `member_id`, `post_id`) VALUES ('2218f035-2650-40c7-9ef1-76f917fb0acf', '2012-11-08 15:05:27', 'Ipsa perspiciatis quisquam ut similique quasi harum. Ut animi aut doloribus labore consequatur. Soluta iste sit voluptas libero et necessitatibus.', 'b5c0c008-7a08-49aa-ac65-712c557c626e', '77f31752-0e06-4e46-8182-c1511968101d');
INSERT INTO `comment` (`id`, `date`, `text`, `member_id`, `post_id`) VALUES ('4de37725-b073-409b-8502-38b38fbbe378', '1983-02-21 00:54:37', 'Dolore eum et voluptas dolorum vitae repellat voluptatem. Voluptate accusamus harum qui quibusdam quibusdam consequatur soluta. Id libero omnis voluptas eum laudantium.', '310e715d-f51a-46cf-aee6-c9d2d3d3ba0f', '75013645-b83e-4133-a154-10407d1d8967');
INSERT INTO `comment` (`id`, `date`, `text`, `member_id`, `post_id`) VALUES ('b9103e9d-8877-4f72-bfb7-350917008b32', '2020-01-06 01:45:42', 'Ipsam et debitis voluptatem et quasi pariatur inventore. Voluptatibus sed est pariatur ab et dolore. Et amet non sed necessitatibus enim.', 'ed2841b8-9be0-43f6-8e69-a24cab7528c4', '3f9e6ba6-cb41-415b-9221-a39713707db0');
INSERT INTO `comment` (`id`, `date`, `text`, `member_id`, `post_id`) VALUES ('90cf0c41-b40b-457b-91e6-60aaf95fe2c7', '1998-12-27 09:40:57', 'Magni pariatur quia quo et et. Labore aut expedita et sunt. Quos odit tempore a consequatur.', 'd4a3e42e-10a1-4fa8-b2e8-fde888e98247', '64a53fbe-1c59-437f-ae6b-3e8af3bc4048');
INSERT INTO `comment` (`id`, `date`, `text`, `member_id`, `post_id`) VALUES ('f8debbfa-ec96-4a22-90e9-70e62a6d83c8', '2009-08-13 07:42:23', 'Temporibus aut labore consequatur exercitationem qui. Veniam dicta ad vel ullam officiis. Consectetur nulla explicabo sunt consequuntur.', '563c93a2-651b-4e03-8a54-9db8d75e89a6', '54b57c6f-d79b-4fbf-9ede-75324f982a3e');
INSERT INTO `comment` (`id`, `date`, `text`, `member_id`, `post_id`) VALUES ('2ad692c5-bbc6-4627-b8ae-9992f96735f1', '2009-03-14 23:12:32', 'Et vel et totam unde ut eos. Tenetur perferendis aut alias ipsa. Eius explicabo non dolorem qui omnis vitae. Incidunt sint eius ut culpa maiores.', 'bb4a5929-0e0e-470b-9b5c-ed3854ab48a4', '51f9c2a0-0df0-443c-8b66-53ccfa312081');
INSERT INTO `comment` (`id`, `date`, `text`, `member_id`, `post_id`) VALUES ('9ae30d2e-9c0e-4b75-ac10-29abdd6a9b24', '2024-12-21 05:04:55', 'Doloribus dolor voluptates ex autem quibusdam exercitationem. Et aliquam mollitia hic numquam quis suscipit et. Sint quia impedit est id quaerat.', '7de1e118-b2c8-441d-a44c-bcf3a9167f68', '2dcb343e-155c-4f37-8395-3696bf57172e');
INSERT INTO `comment` (`id`, `date`, `text`, `member_id`, `post_id`) VALUES ('0140ce76-b6d2-454f-843e-fb93605ea3f8', '2014-06-12 19:52:13', 'Qui vel eum est incidunt aperiam. Sit labore aliquam at excepturi vel inventore eaque labore. Magnam et aut qui mollitia.', '1eebe34d-a05b-4ff1-a18c-918ba8e3881c', 'e42ba629-1f1d-4f38-9014-3612684aa38d');
INSERT INTO `comment` (`id`, `date`, `text`, `member_id`, `post_id`) VALUES ('04185d47-4579-4e28-910d-a3b5f3efdd13', '1997-11-07 00:54:23', 'Voluptatem ex dolorum reprehenderit est est ab velit et. Et perferendis libero alias accusamus asperiores provident dolores. Cumque quis rerum repellendus reprehenderit quas.', '44470bff-dda0-4026-adc2-3f76c8bec0fa', 'c225ef20-51b9-4cee-a81d-0e23b8c2e38a');
INSERT INTO `comment` (`id`, `date`, `text`, `member_id`, `post_id`) VALUES ('c473f019-a269-4506-abd6-c6eeafd019b0', '1970-09-22 05:39:41', 'Aspernatur ea qui beatae nihil cupiditate. Consectetur numquam blanditiis est dolorem ut. Impedit velit sequi qui quo. Minus optio optio suscipit eaque facere sint et.', 'aa44e245-fe1e-47d7-9361-2d25fdb9f463', '4c20d1e5-545c-4e65-ab48-b9ab466aa93b');
INSERT INTO `comment` (`id`, `date`, `text`, `member_id`, `post_id`) VALUES ('77f3d9db-fcfe-4c2b-a61f-9eb5948794e3', '2014-04-19 23:22:05', 'Repudiandae magnam cumque ut. Accusantium id similique et explicabo minus. Eum reprehenderit sint officia aut pariatur aut.', '11bf312d-c7d5-4b3d-a1e6-37de65b66017', 'd6ce6e32-6a5e-45f7-a860-af030b6a2898');
INSERT INTO `comment` (`id`, `date`, `text`, `member_id`, `post_id`) VALUES ('66d98dd6-e00a-4577-987b-3296a420ecf1', '2003-11-23 13:26:41', 'Pariatur et sequi recusandae deleniti et. Quo eos alias officiis omnis nisi quia. Voluptatem enim odio ipsam magnam architecto qui quidem.', '685c3ace-c422-4621-b96e-760d9ab34c70', '158234af-0550-4dba-ba41-12ed82118b33');
INSERT INTO `comment` (`id`, `date`, `text`, `member_id`, `post_id`) VALUES ('9fcd3751-28ef-49a5-aff4-d2f2568df811', '2004-10-06 00:10:02', 'Ullam minima est sunt adipisci quam dolores. Sed nostrum consequatur natus explicabo est quas. Sunt amet sit labore sunt qui. Voluptates cum mollitia molestiae ipsum tempore. Est ducimus qui culpa.', '65256574-380d-4a9e-9eb6-bd301988637d', 'd3696ef3-feba-4c51-814c-d29fc1078eb7');
INSERT INTO `comment` (`id`, `date`, `text`, `member_id`, `post_id`) VALUES ('9b6fc97c-3aa4-4ced-8be8-e39cf50e2c4d', '2022-01-04 01:11:15', 'Reiciendis iusto illum quod dignissimos. Quis accusamus architecto placeat maiores ipsa vitae omnis. Molestias et harum fugiat.', '280ca6d1-3129-4dfb-8b4e-2eef77fd8955', '609b67e3-fe6a-4f3f-b134-a1fb7c756315');
INSERT INTO `comment` (`id`, `date`, `text`, `member_id`, `post_id`) VALUES ('d311c92c-4baf-4574-a4c2-c2f92ac8831e', '2022-01-31 21:09:45', 'Voluptatem rem animi neque sit ad dolor odio. Explicabo esse incidunt vel nulla est aut corporis. Dolor dolore aliquid cumque dolorem. Praesentium voluptatem voluptates doloremque odit qui mollitia.', '5c372c7f-ee1f-4f3f-acb5-66d4af92dd92', '9d5c10bc-cde8-49ce-9fed-f9beba410dde');
INSERT INTO `comment` (`id`, `date`, `text`, `member_id`, `post_id`) VALUES ('e331ed0b-1fc3-4c26-898e-e5a62e651405', '1974-04-10 04:48:28', 'Aspernatur aut doloremque molestiae rem voluptatibus rerum. Neque rerum quasi unde cupiditate aut.', '091a22c5-d35f-4405-96b3-45dea13ffb9a', '84b05f88-8072-4939-8b61-2c7f88e3a419');
INSERT INTO `comment` (`id`, `date`, `text`, `member_id`, `post_id`) VALUES ('0aeac604-a632-448a-af27-7b9dda3ab4f6', '1974-03-28 18:24:01', 'Quidem voluptas beatae deserunt nam sunt sit quia. Aut cupiditate fugiat dolores et. Doloremque excepturi perferendis dolorum hic dolorem error.', '12b85cb9-9745-42f6-bb53-f08aace2551b', '41521860-c54f-4cd7-aa7e-dbf85d1255e2');
INSERT INTO `comment` (`id`, `date`, `text`, `member_id`, `post_id`) VALUES ('4f96ef2c-e9ec-495c-8862-4360ced951fb', '1980-12-10 04:24:30', 'Doloribus quo fuga provident molestiae voluptates facere qui. Neque quasi odit dolorum neque impedit.', '1d0b8d09-20c8-46f1-8fd8-203842215768', 'b2411961-0eeb-40bf-8394-ea629ade2126');
INSERT INTO `comment` (`id`, `date`, `text`, `member_id`, `post_id`) VALUES ('743f88fe-d705-4421-a289-557af4bf95aa', '1979-01-28 03:31:52', 'Voluptatibus reiciendis aut dolore atque nam quos. Maxime laborum impedit ex voluptatem. Eius non et reiciendis architecto recusandae atque quam.', '2a3cbef5-3403-41a7-9bde-5d317ee4a274', '354fe871-b1af-41a4-abc7-c8efe9291d05');
INSERT INTO `comment` (`id`, `date`, `text`, `member_id`, `post_id`) VALUES ('e888d1bc-dca9-42b5-ab57-2b881c5c9ff0', '2015-05-07 01:05:25', 'Ut aut quas est neque corrupti minus. Quos autem dolor dolore odio architecto. Quaerat et nam nemo qui corrupti tempora. Mollitia velit qui aut voluptatem laboriosam.', '43f8f46e-6b18-45f8-b97a-5d66283b9897', 'a6efcc7c-0dcd-4be4-9120-1547e92686b4');
INSERT INTO `comment` (`id`, `date`, `text`, `member_id`, `post_id`) VALUES ('980ce2c6-96ea-4af3-8f21-22d2cf0abb20', '2000-01-05 22:28:03', 'Quod id laboriosam quos eum deleniti nobis. Id qui nobis voluptate et accusamus porro beatae. Eum iste ab commodi.', '530c0a83-4926-4a50-876a-d7338aa06382', 'fbc46495-327b-452a-94c4-6cae2a252e1f');
INSERT INTO `comment` (`id`, `date`, `text`, `member_id`, `post_id`) VALUES ('d5cc1441-ce82-4b36-aa7a-979655d9511f', '2024-02-06 00:22:04', 'Nihil perspiciatis culpa dolores eveniet. Est alias amet autem deserunt temporibus expedita. Incidunt doloribus praesentium sed corporis cumque. Velit omnis totam unde.', 'bf1a54fc-9ef0-4679-b3d9-f904c422460e', 'a6efcc7c-0dcd-4be4-9120-1547e92686b4');
INSERT INTO `comment` (`id`, `date`, `text`, `member_id`, `post_id`) VALUES ('14ad4b60-966a-4937-983a-9af0855d3454', '1997-06-13 09:21:21', 'Earum voluptatibus dolores mollitia modi officia incidunt. Quo dolores magnam dolores doloribus sit. Dignissimos similique iusto dolores cumque officiis sed quis.', 'da3dcc24-21c7-4064-8829-12d1c3b74993', 'fbc46495-327b-452a-94c4-6cae2a252e1f');
INSERT INTO `comment` (`id`, `date`, `text`, `member_id`, `post_id`) VALUES ('3169a3c1-153f-41f6-afbb-36f40f9d50fb', '1970-04-06 23:53:16', 'Ipsum aliquid quis id accusantium ratione aut. Beatae incidunt quam qui qui ut amet. Deserunt ad magni repellendus necessitatibus hic ea cum. Nihil sunt officiis est nihil beatae.', '278e1ef4-ece8-4832-8c4f-7884bede7f4d', '21e59bf7-5523-43aa-b4ac-51a461892ae4');
INSERT INTO `comment` (`id`, `date`, `text`, `member_id`, `post_id`) VALUES ('92c8fb2b-49d7-454b-8dc2-527cab685737', '2000-02-10 12:51:06', 'Commodi sint eos doloribus blanditiis et aut. Illo in cumque ut autem. Doloremque excepturi voluptas quasi numquam incidunt.', 'b5c0c008-7a08-49aa-ac65-712c557c626e', '218fb09e-b827-4f96-8a03-3cddc1c6b44e');
INSERT INTO `comment` (`id`, `date`, `text`, `member_id`, `post_id`) VALUES ('a714dbdc-a078-4b54-8d38-fcf3e030a890', '2011-08-28 02:09:20', 'Labore eos vero ducimus optio ea optio. Quas sed sapiente aut. Ipsum laudantium voluptatibus ut. Non eius enim et in.', '310e715d-f51a-46cf-aee6-c9d2d3d3ba0f', '7433e796-e7e3-4b3d-aa2a-c26ae558c594');
INSERT INTO `comment` (`id`, `date`, `text`, `member_id`, `post_id`) VALUES ('304b748d-00cb-485c-ba1b-12a5fba7d4f5', '1982-11-28 23:13:32', 'Dolores facere dolores non ut qui iste ipsum. Itaque nihil accusantium nemo fugiat. Numquam repellat asperiores molestias quas sit velit. Ut eligendi quia quia magni natus totam.', 'd4a3e42e-10a1-4fa8-b2e8-fde888e98247', 'e598bfa9-0386-439c-8cc5-015a6ef28719');
INSERT INTO `comment` (`id`, `date`, `text`, `member_id`, `post_id`) VALUES ('13ce783b-c8a1-499f-a9e3-f64d5cb02a72', '1975-05-23 10:30:01', 'Iure praesentium eum aut. Accusantium deleniti debitis dolorem optio. Earum expedita dignissimos rerum necessitatibus nemo dolores et.', '563c93a2-651b-4e03-8a54-9db8d75e89a6', '3f811505-babd-417b-b9c3-079c55039f29');
INSERT INTO `comment` (`id`, `date`, `text`, `member_id`, `post_id`) VALUES ('7d44fce0-8407-431d-937f-a5a6d66a35fd', '2000-09-26 09:41:13', 'Iste enim ut consequatur aliquid. Doloremque aut dolores perferendis et ut et dignissimos.', 'bb4a5929-0e0e-470b-9b5c-ed3854ab48a4', '4091c590-d4d2-4cc9-a3f5-6ca633b4d93b');
INSERT INTO `comment` (`id`, `date`, `text`, `member_id`, `post_id`) VALUES ('21975932-ac2e-49e7-8373-baecaae8f37b', '1971-03-07 21:38:10', 'Eum quas fuga commodi enim nisi sit. Est voluptatibus at dolore et placeat dicta laborum. Et numquam aliquid nesciunt ullam est aliquam ut. Id ipsa voluptatem odit qui doloremque unde.', '7de1e118-b2c8-441d-a44c-bcf3a9167f68', '2681ea93-2a2a-4173-b73b-15a7e92077e4');
INSERT INTO `comment` (`id`, `date`, `text`, `member_id`, `post_id`) VALUES ('36e00941-fd03-44fe-9766-af3b7387bf19', '2020-12-26 16:54:04', 'Voluptatum excepturi et at dolorum nemo. Repellendus culpa iste voluptates dolore quas. Fugiat at id dolor voluptatem nihil ut.', '1eebe34d-a05b-4ff1-a18c-918ba8e3881c', '42f92dc7-c669-4ec8-88ff-834d1045efbc');
INSERT INTO `comment` (`id`, `date`, `text`, `member_id`, `post_id`) VALUES ('c9b0ad77-dda6-4835-986d-354db13db60f', '2024-04-22 15:46:34', 'Voluptate rerum amet dolor aspernatur. Voluptates incidunt laboriosam mollitia dolor est veniam. Perferendis adipisci sed in eaque voluptates facilis magnam in.', '44470bff-dda0-4026-adc2-3f76c8bec0fa', '2a030baa-ef64-4f88-9a68-9c2c8fdbe206');
INSERT INTO `comment` (`id`, `date`, `text`, `member_id`, `post_id`) VALUES ('d625fa22-2837-41e4-863b-ec62516f264c', '1982-07-24 07:55:42', 'Est neque doloribus soluta. Voluptatem earum et eos aspernatur dolor adipisci reiciendis.', 'aa44e245-fe1e-47d7-9361-2d25fdb9f463', '29916e22-65cb-475e-b83f-8105f8f037f3');
INSERT INTO `comment` (`id`, `date`, `text`, `member_id`, `post_id`) VALUES ('363b1be9-e896-4b35-9eda-cf9dfa853024', '2017-01-09 03:47:36', 'Atque aliquam laborum quia necessitatibus. Dolore sint non laboriosam qui quibusdam. Natus dolores praesentium non. Consequuntur omnis temporibus ipsum reiciendis est.', '11bf312d-c7d5-4b3d-a1e6-37de65b66017', '19bc7c64-e35a-4694-a839-e89d6f994e31');
INSERT INTO `comment` (`id`, `date`, `text`, `member_id`, `post_id`) VALUES ('66cccbb3-fc2c-4962-9047-522eee28bb6d', '2001-10-02 06:45:02', 'Et nemo dolore dolores. Qui magni at eaque vitae blanditiis. Nisi qui possimus omnis atque vero quia.', '685c3ace-c422-4621-b96e-760d9ab34c70', '05be989d-6c7a-49a2-a284-1c3dded86d34');
INSERT INTO `comment` (`id`, `date`, `text`, `member_id`, `post_id`) VALUES ('e49cc719-7a30-4a9b-8300-2b6d0f26d411', '2014-09-08 22:53:38', 'Quia nihil dolorem quae quia aut nam quae enim. Ipsum accusantium impedit perferendis et repellendus. Velit qui occaecati deleniti ratione ut nobis voluptatem. Consequatur delectus quia error.', '65256574-380d-4a9e-9eb6-bd301988637d', '18b545dd-aea7-4cce-8b29-3f10d14e3f5a');
INSERT INTO `comment` (`id`, `date`, `text`, `member_id`, `post_id`) VALUES ('e21985f6-2843-42e0-b1f1-821a8408259a', '1993-02-28 04:31:13', 'Corporis autem id sed vel numquam. Id dolor est suscipit tempora. Facilis cum consequatur modi. Sunt eligendi alias dolorem ut.', '280ca6d1-3129-4dfb-8b4e-2eef77fd8955', '7000d7e7-3f78-4941-b04f-e5e87392c6f9');
INSERT INTO `comment` (`id`, `date`, `text`, `member_id`, `post_id`) VALUES ('9144e58e-0552-4d98-bcd6-a6998fbeaacb', '2009-04-12 19:49:22', 'Non consequatur eum non quibusdam iure atque. Eum cumque sed facere optio sit. Et officiis dolores quia ea est omnis. Quia aut et commodi earum at aspernatur.', '5c372c7f-ee1f-4f3f-acb5-66d4af92dd92', 'c3c6ff72-108c-46db-acc9-00510a6c78b4');
INSERT INTO `comment` (`id`, `date`, `text`, `member_id`, `post_id`) VALUES ('dc48866c-8d30-4011-9790-525794f2e5d9', '2003-07-18 19:20:57', 'Et laborum tempore voluptatum sit et assumenda vel. Voluptatum perferendis quae ut et consequuntur beatae. Aliquam eos exercitationem voluptatem quo a tempora ex.', '091a22c5-d35f-4405-96b3-45dea13ffb9a', 'e01abf2f-9093-4ca8-af90-f333e908cdda');
INSERT INTO `comment` (`id`, `date`, `text`, `member_id`, `post_id`) VALUES ('19964e5a-aa99-44e0-8662-dfbd95153eb7', '2007-12-27 22:36:03', 'Placeat soluta et non vel distinctio et veritatis minus. Enim dolor repudiandae laborum nulla est. Alias autem et distinctio veniam. Provident autem nihil quibusdam. Expedita commodi nisi eum.', '12b85cb9-9745-42f6-bb53-f08aace2551b', 'f49ccb3c-65e3-40cf-9c0e-e5c9de24a60f');
INSERT INTO `comment` (`id`, `date`, `text`, `member_id`, `post_id`) VALUES ('f4327d23-7b7c-496f-9933-e15acec61ab3', '2000-12-28 13:49:28', 'Quas optio suscipit perspiciatis dolorem. Doloremque accusamus dicta ex vel amet nemo. Aut nulla cumque officia sed sed cupiditate. Cupiditate nesciunt rerum odio tenetur beatae consequatur sequi.', '1d0b8d09-20c8-46f1-8fd8-203842215768', '85cb2fac-b8e6-48a4-abda-556b9f602b7e');
INSERT INTO `comment` (`id`, `date`, `text`, `member_id`, `post_id`) VALUES ('b604eed8-d13c-4372-95a2-ed8625386803', '1991-09-07 23:49:18', 'Dolores officiis impedit omnis. Ipsa deserunt error hic odio est officia consequatur. Sit aut rerum enim. Exercitationem accusantium suscipit adipisci nisi.', '2a3cbef5-3403-41a7-9bde-5d317ee4a274', '7660d0d7-efa6-49ae-acc0-efe7a72f8f02');
INSERT INTO `comment` (`id`, `date`, `text`, `member_id`, `post_id`) VALUES ('4c199356-b861-48c6-9252-b68b220c87ee', '1970-12-07 18:37:53', 'Aut harum debitis nemo odit. Illum veritatis sunt quis neque.\nEum consequatur voluptates autem architecto quo aut esse. Rem ut tempora aut ut maxime quibusdam quibusdam.', '43f8f46e-6b18-45f8-b97a-5d66283b9897', '933c4ff0-6217-4515-8487-ed364457dd39');
INSERT INTO `comment` (`id`, `date`, `text`, `member_id`, `post_id`) VALUES ('4ef8ad81-d2a2-4b45-ae1f-9488ed5e7bb7', '1980-07-15 00:23:02', 'Facilis ea quo non aspernatur. Adipisci molestias enim illum quam est fugiat. Magni unde eaque porro delectus. Nam voluptas voluptatem porro dolor vitae.', '530c0a83-4926-4a50-876a-d7338aa06382', '9631878e-497f-4807-a894-df9dcfb014a0');
INSERT INTO `comment` (`id`, `date`, `text`, `member_id`, `post_id`) VALUES ('4e3cef4b-ae58-430f-9156-db7b98a4571a', '2001-07-17 14:49:10', 'Dolorem qui rerum dolorem nihil tempore natus nobis. Magnam impedit voluptas ut optio dolorum. Qui ratione earum asperiores ut. Autem sed voluptates optio laudantium et aut.', 'd4a3e42e-10a1-4fa8-b2e8-fde888e98247', '62902ef5-06d2-4cd2-a1d5-15d320892145');
INSERT INTO `comment` (`id`, `date`, `text`, `member_id`, `post_id`) VALUES ('094717c5-6665-4143-86f8-7d3841f92780', '1976-04-12 06:35:20', 'Illum eum ducimus perferendis dolores animi. Voluptas quia porro qui.', '563c93a2-651b-4e03-8a54-9db8d75e89a6', 'c2c53fc1-b424-4776-b1ea-bffd9db8b19d');
INSERT INTO `comment` (`id`, `date`, `text`, `member_id`, `post_id`) VALUES ('272f585f-7e0e-48b2-9d89-58cb8f648bff', '2004-11-10 18:19:54', 'Blanditiis aut cum adipisci. Provident non non aut dolorem.', 'bb4a5929-0e0e-470b-9b5c-ed3854ab48a4', '1003831a-c895-4a20-959f-ceb03e0c28d5');
INSERT INTO `comment` (`id`, `date`, `text`, `member_id`, `post_id`) VALUES ('a3a30706-9888-4249-adb0-251b8e8e88fc', '2000-08-08 01:28:12', 'Amet molestiae quaerat eligendi sapiente. Commodi tenetur error ullam aliquid et deleniti. Omnis labore laborum qui.', '7de1e118-b2c8-441d-a44c-bcf3a9167f68', '684a9599-7422-462a-b8a6-b1451ca844d5');
INSERT INTO `comment` (`id`, `date`, `text`, `member_id`, `post_id`) VALUES ('af7b9d21-2bec-4c95-9b0e-c46ed7c652bf', '1985-01-15 08:43:40', 'Fugit dignissimos quia quibusdam ipsam modi aliquam unde. Dicta tempora cumque et omnis. Minima molestias qui aut. Earum minima est dolore repellendus.', '1eebe34d-a05b-4ff1-a18c-918ba8e3881c', 'ae0e28a0-e5ca-44ca-be50-e4def6637d79');
INSERT INTO `comment` (`id`, `date`, `text`, `member_id`, `post_id`) VALUES ('3984661e-bab9-48da-9fc3-c9c77c655682', '1975-03-06 23:39:21', 'Rerum debitis quibusdam ullam sequi quia vero doloremque. Error voluptatem dolores eum explicabo ipsa dolores. Ipsam in maxime qui beatae nesciunt. Ipsum voluptates numquam ut numquam vel occaecati.', '44470bff-dda0-4026-adc2-3f76c8bec0fa', '6a8cd71c-b1e1-4f57-890a-ab6835c3e9a3');
INSERT INTO `comment` (`id`, `date`, `text`, `member_id`, `post_id`) VALUES ('42fcaba8-6295-41d9-ace6-2239b41eae61', '2009-04-05 02:11:12', 'Commodi quisquam accusamus veniam enim consequuntur sequi officiis. Beatae sint aut quibusdam culpa ullam qui. Quia reprehenderit vero aut nobis aut consequatur sit.', 'aa44e245-fe1e-47d7-9361-2d25fdb9f463', '5f017f35-8f4c-4eaf-9160-a7333784d0d3');
INSERT INTO `comment` (`id`, `date`, `text`, `member_id`, `post_id`) VALUES ('1a5d926f-e37e-4286-9ebc-9494d35d5fb3', '1982-03-31 15:06:47', 'Nostrum rem molestiae dolore ducimus nam vel provident. Fuga consectetur provident minima voluptatem perferendis quos. Provident dolorum sit qui. Quis provident magni velit deleniti sit qui.', '11bf312d-c7d5-4b3d-a1e6-37de65b66017', '256cfb29-3df0-48af-8193-784492653727');
INSERT INTO `comment` (`id`, `date`, `text`, `member_id`, `post_id`) VALUES ('7aaa0bbc-65c5-4705-9758-f26e10d8b7cd', '1982-07-30 05:41:21', 'Consequatur et expedita dolores. Voluptas aut eum totam officiis. Occaecati molestiae nihil facilis voluptas.', '685c3ace-c422-4621-b96e-760d9ab34c70', 'dfe0d74e-ded0-4cb2-9552-26911ac56223');
INSERT INTO `comment` (`id`, `date`, `text`, `member_id`, `post_id`) VALUES ('cff32d70-8260-4b94-8269-6069ddc2cfdd', '2013-09-07 00:26:22', 'Hic quisquam hic ipsam. Accusamus quod in totam illo mollitia. Eaque nihil quisquam porro eum ut. Enim ipsum aperiam magnam fuga nesciunt iure voluptas modi.', '65256574-380d-4a9e-9eb6-bd301988637d', 'e5d89c24-8d10-4e33-ad56-6490912c188b');
INSERT INTO `comment` (`id`, `date`, `text`, `member_id`, `post_id`) VALUES ('566aa01b-d0a1-446d-a2f2-623eaaca6522', '1981-08-14 12:56:39', 'Eligendi molestias nihil ipsa ipsa et. Voluptas pariatur et ex velit quod quo maiores. Labore qui aut repudiandae. Eaque cumque quibusdam culpa blanditiis.', '280ca6d1-3129-4dfb-8b4e-2eef77fd8955', '07d5a5ee-fa1b-4cd3-8554-cf8c4112a039');
INSERT INTO `comment` (`id`, `date`, `text`, `member_id`, `post_id`) VALUES ('ed6833b4-6d5f-4f6c-b3b4-72bfe20c65d3', '2008-04-16 18:16:55', 'Quibusdam aut recusandae illum est et. Amet sed commodi aut quasi. Eaque nesciunt adipisci minus deleniti recusandae.', '5c372c7f-ee1f-4f3f-acb5-66d4af92dd92', '53023f19-d052-45ce-9cf6-e78a4a955c14');
INSERT INTO `comment` (`id`, `date`, `text`, `member_id`, `post_id`) VALUES ('8c2b5cc7-0ed5-4122-8834-0d6e4c2d7842', '2022-12-25 18:57:23', 'Et distinctio rerum et ut autem. Blanditiis nisi aperiam ea cumque expedita aliquid. Dolorem dolore veniam aliquid quia est sit quod. Adipisci dolores officia quaerat sit sit.', '091a22c5-d35f-4405-96b3-45dea13ffb9a', '3de7f64f-b928-4913-893a-280e7f50ce61');
INSERT INTO `comment` (`id`, `date`, `text`, `member_id`, `post_id`) VALUES ('3bb7c2c9-0a91-44e9-b924-ceebc5a310e0', '2020-10-11 07:50:17', 'Praesentium cumque placeat consequatur quis incidunt quis. Libero eaque qui et molestiae consectetur. Id laudantium consequatur veniam temporibus. Enim illo libero rerum ut hic.', '12b85cb9-9745-42f6-bb53-f08aace2551b', '70518923-703e-42b0-bf3f-9c071e4b01cd');
INSERT INTO `comment` (`id`, `date`, `text`, `member_id`, `post_id`) VALUES ('bb4fe97c-07c5-4d6a-b2be-363e3ad66adc', '1972-03-23 05:23:15', 'Aut magni quae nesciunt cupiditate dolorum. Sint iusto iusto repudiandae.\nOdit quam quae enim rem et. Et autem voluptatem nemo cupiditate.', '1d0b8d09-20c8-46f1-8fd8-203842215768', 'b8a7cd0e-e20c-494c-91c6-734267274a93');
INSERT INTO `comment` (`id`, `date`, `text`, `member_id`, `post_id`) VALUES ('2f3b1171-88b7-4469-b153-8752fd73e87e', '1978-11-19 03:22:03', 'Dolore officiis in aut. Eum delectus perferendis iste voluptas sit expedita qui tempora. Quas quidem minima soluta. Magni distinctio similique veniam doloremque quibusdam.', '2a3cbef5-3403-41a7-9bde-5d317ee4a274', '15ea8961-4ab7-45b0-865a-d034486baa05');
INSERT INTO `comment` (`id`, `date`, `text`, `member_id`, `post_id`) VALUES ('14cb9dcb-08c3-4ec5-a19c-4e1983121f5a', '2008-05-26 19:41:20', 'Sed voluptas delectus ratione commodi ipsa eius porro. Sit est ea ad laborum itaque. Quam tenetur veritatis ut veritatis tempora provident eius.', '43f8f46e-6b18-45f8-b97a-5d66283b9897', '795c5bd0-ac34-442d-ab7d-43669b1cbbe6');
INSERT INTO `comment` (`id`, `date`, `text`, `member_id`, `post_id`) VALUES ('8c72d316-26da-4369-b282-97174abebc1c', '1974-10-26 10:54:46', 'Et ex reprehenderit accusantium reprehenderit qui. Et ducimus aperiam quos aspernatur velit dolorem. Facere est sit sed. Qui ut odit voluptatem ipsam est necessitatibus facere.', 'd4a3e42e-10a1-4fa8-b2e8-fde888e98247', '5f7453b0-2a55-44d4-b9fb-d6abfeb69f12');
INSERT INTO `comment` (`id`, `date`, `text`, `member_id`, `post_id`) VALUES ('f67c70a3-c463-4834-ad5b-dc7897b51469', '1985-05-09 06:02:14', 'Iste nobis non omnis aperiam illum rem ut ut. Autem tempora quia et alias.', '563c93a2-651b-4e03-8a54-9db8d75e89a6', 'b4ca2456-7b31-4e00-ace2-27a9513624fb');
INSERT INTO `comment` (`id`, `date`, `text`, `member_id`, `post_id`) VALUES ('cf7e9adc-16ed-4018-a087-19071a6a1333', '1998-09-27 17:17:21', 'Non veritatis dolorem error est. Maxime non quo repellendus omnis. Qui eum eveniet sapiente at quis magnam neque ducimus. Unde dolor cumque sed rerum.', 'bb4a5929-0e0e-470b-9b5c-ed3854ab48a4', '24c5f1c6-6a30-480b-a46f-50e1068d5892');
INSERT INTO `comment` (`id`, `date`, `text`, `member_id`, `post_id`) VALUES ('0f8030f0-5420-4ced-8781-7277df64d711', '1975-02-19 01:55:24', 'Natus mollitia expedita ut omnis culpa. Consequatur voluptates nulla qui praesentium quam. Quos et occaecati voluptatibus eaque.', '7de1e118-b2c8-441d-a44c-bcf3a9167f68', '8b50b3bd-69f9-42de-837c-a96c7d4d038d');
INSERT INTO `comment` (`id`, `date`, `text`, `member_id`, `post_id`) VALUES ('89ec3c1d-eea0-453a-84dd-e4a425df3a5d', '1974-09-07 15:25:05', 'Eveniet alias adipisci rerum quia. Perspiciatis praesentium possimus natus autem odio deleniti. Provident quos aut dolores qui. Sed autem vel corporis totam dolorem et.', '1eebe34d-a05b-4ff1-a18c-918ba8e3881c', 'ce86a311-4aef-4992-a11a-5f6ae479578a');
INSERT INTO `comment` (`id`, `date`, `text`, `member_id`, `post_id`) VALUES ('a26f0343-89d0-400c-835c-12ed83cc5ea3', '1972-07-13 19:35:54', 'Officiis saepe magnam doloribus iste aut. Dignissimos facilis autem officia provident veritatis fugit. Aut ut molestiae dolores quo. Officiis porro natus iste ut alias quisquam.', '44470bff-dda0-4026-adc2-3f76c8bec0fa', 'a4e0c631-ed7f-459c-9026-6d35aaa5698c');
INSERT INTO `comment` (`id`, `date`, `text`, `member_id`, `post_id`) VALUES ('9a0b24b6-8eb4-419d-841d-4b0d3866ab67', '2016-04-30 12:50:07', 'Dignissimos ducimus et unde impedit. Sed non enim et eum. Facere soluta ad quas velit minima quae.', 'aa44e245-fe1e-47d7-9361-2d25fdb9f463', '9c395e0f-17f6-445e-9d47-20e17e93a255');
INSERT INTO `comment` (`id`, `date`, `text`, `member_id`, `post_id`) VALUES ('44a3d0b8-2d8c-4e70-8926-139e27560f01', '2013-05-10 22:13:19', 'Facilis placeat rerum minus beatae. Consectetur aut expedita velit sequi sint quo. Possimus voluptas repellat voluptas eius eos modi quae. Vel aut laborum necessitatibus unde.', '11bf312d-c7d5-4b3d-a1e6-37de65b66017', 'a7eac7e6-4a64-4b28-a033-038fdc70cba3');
INSERT INTO `comment` (`id`, `date`, `text`, `member_id`, `post_id`) VALUES ('4c49a02f-83c6-4146-947a-03b300dd862f', '1991-03-18 03:24:41', 'Pariatur molestias et labore iste. Voluptatem nobis at ea alias quidem similique ab. Vitae vero ratione vero consectetur nam repellat.', '685c3ace-c422-4621-b96e-760d9ab34c70', 'c4cbace4-ebae-4441-9994-f155765113ce');
INSERT INTO `comment` (`id`, `date`, `text`, `member_id`, `post_id`) VALUES ('76a87c11-6982-4b81-98c0-381b02162abf', '2013-01-18 19:25:17', 'Soluta libero minima laudantium facere iure non ut. Earum ullam corrupti sed iure et.', '65256574-380d-4a9e-9eb6-bd301988637d', '5f33264c-209c-473a-846d-2ea8ddafd399');
INSERT INTO `comment` (`id`, `date`, `text`, `member_id`, `post_id`) VALUES ('bf20b7db-2d96-456b-a775-2ce6bd43c06b', '1993-07-26 07:29:34', 'Eveniet ea dicta exercitationem. Illum eum voluptatem accusamus. Corrupti officiis aut est sed qui quia. Deleniti autem totam sit temporibus. Nemo sed voluptates exercitationem est laudantium.', '280ca6d1-3129-4dfb-8b4e-2eef77fd8955', '1b2b324b-a9da-4f2b-a9cd-cb62289bbb1e');
INSERT INTO `comment` (`id`, `date`, `text`, `member_id`, `post_id`) VALUES ('e27a1e5d-cd2d-4ff4-9dc0-a64de7887f9e', '2016-08-20 23:39:09', 'Tempora consequuntur atque perferendis vero omnis laborum dolor voluptas. Ut dignissimos sapiente labore enim quasi hic. Odio dolore placeat quia veritatis sunt.', '5c372c7f-ee1f-4f3f-acb5-66d4af92dd92', 'a0861b2c-ff5d-4eb3-9a2c-77f445c4ff01');
INSERT INTO `comment` (`id`, `date`, `text`, `member_id`, `post_id`) VALUES ('53dfdb6c-adb5-482a-9eb7-61986521ba49', '2017-01-06 13:06:58', 'Placeat delectus est quasi nihil reprehenderit perferendis corrupti. Mollitia ducimus saepe et repudiandae et qui incidunt.', '091a22c5-d35f-4405-96b3-45dea13ffb9a', 'fe5dc86c-498c-47d6-bb42-9b1e16a59f82');
INSERT INTO `comment` (`id`, `date`, `text`, `member_id`, `post_id`) VALUES ('cce5915a-bc86-4e51-8dd7-cb082835b7e9', '1988-05-20 19:00:04', 'Est vel eum qui velit adipisci aut. Enim deleniti nulla quisquam soluta. Rerum non est optio quia unde. Sed quia nulla tempore dolores error esse.', '12b85cb9-9745-42f6-bb53-f08aace2551b', 'bfc54451-6bcb-4df4-9bc5-2bd9e730ee6f');
INSERT INTO `comment` (`id`, `date`, `text`, `member_id`, `post_id`) VALUES ('586939e2-25ee-4eda-8d90-f213afcbdbd3', '1974-10-23 08:51:27', 'Ex et et quibusdam commodi blanditiis culpa voluptate. Minima quo ea suscipit nulla placeat et culpa. Qui sunt aut vel et.', '1d0b8d09-20c8-46f1-8fd8-203842215768', '964be3bc-4ab9-4b9f-95a2-5efb62b6bb21');
INSERT INTO `comment` (`id`, `date`, `text`, `member_id`, `post_id`) VALUES ('586939e2-25ee-4eda-8d90-f213afcbdbd3', '2018-07-30 19:16:25', 'Dicta libero voluptate consequatur aut. Quae ullam dolor aspernatur. Repellendus sed dolor voluptatem pariatur odio architecto et perferendis.', '2a3cbef5-3403-41a7-9bde-5d317ee4a274', 'a6e2f133-d7cb-4e5e-9fc8-f04b31e569aa');


#
# TABLE STRUCTURE FOR: likes_table
#

DROP TABLE IF EXISTS `likes_table`;

CREATE TABLE `likes_table` (
                               `id` varchar(255) NOT NULL,
                               `comment_id` varchar(255) DEFAULT NULL,
                               `post_id` varchar(255) DEFAULT NULL,
                               PRIMARY KEY (`id`),
                               KEY `comment_id` (`comment_id`),
                               KEY `post_id` (`post_id`),
                               CONSTRAINT `likes_table_ibfk_1` FOREIGN KEY (`comment_id`) REFERENCES `comment` (`id`),
                               CONSTRAINT `likes_table_ibfk_2` FOREIGN KEY (`post_id`) REFERENCES `post` (`id`)
) ENGINE=InnoDB DEFAULT CHARSET=utf8mb4 COLLATE=utf8mb4_general_ci;

INSERT INTO `likes_table` (`id`, `comment_id`, `post_id`) VALUES ('d4a3e42e-10a1-4fa8-b2e8-fde888e98247', '586939e2-25ee-4eda-8d90-f213afcbdbd3', '');
INSERT INTO `likes_table` (`id`, `comment_id`, `post_id`) VALUES ('563c93a2-651b-4e03-8a54-9db8d75e89a6', '586939e2-25ee-4eda-8d90-f213afcbdbd3', '');
INSERT INTO `likes_table` (`id`, `comment_id`, `post_id`) VALUES ('bb4a5929-0e0e-470b-9b5c-ed3854ab48a4', '586939e2-25ee-4eda-8d90-f213afcbdbd3', '');
INSERT INTO `likes_table` (`id`, `comment_id`, `post_id`) VALUES ('7de1e118-b2c8-441d-a44c-bcf3a9167f68', '586939e2-25ee-4eda-8d90-f213afcbdbd3', '');
INSERT INTO `likes_table` (`id`, `comment_id`, `post_id`) VALUES ('1eebe34d-a05b-4ff1-a18c-918ba8e3881c', '586939e2-25ee-4eda-8d90-f213afcbdbd3', '');
INSERT INTO `likes_table` (`id`, `comment_id`, `post_id`) VALUES ('44470bff-dda0-4026-adc2-3f76c8bec0fa', '586939e2-25ee-4eda-8d90-f213afcbdbd3', '');
INSERT INTO `likes_table` (`id`, `comment_id`, `post_id`) VALUES ('aa44e245-fe1e-47d7-9361-2d25fdb9f463', '586939e2-25ee-4eda-8d90-f213afcbdbd3', '');
INSERT INTO `likes_table` (`id`, `comment_id`, `post_id`) VALUES ('11bf312d-c7d5-4b3d-a1e6-37de65b66017', '586939e2-25ee-4eda-8d90-f213afcbdbd3', '');
INSERT INTO `likes_table` (`id`, `comment_id`, `post_id`) VALUES ('685c3ace-c422-4621-b96e-760d9ab34c70', '586939e2-25ee-4eda-8d90-f213afcbdbd3', '');
INSERT INTO `likes_table` (`id`, `comment_id`, `post_id`) VALUES ('65256574-380d-4a9e-9eb6-bd301988637d', '586939e2-25ee-4eda-8d90-f213afcbdbd3', '');
INSERT INTO `likes_table` (`id`, `comment_id`, `post_id`) VALUES ('280ca6d1-3129-4dfb-8b4e-2eef77fd8955', '586939e2-25ee-4eda-8d90-f213afcbdbd3', '');
INSERT INTO `likes_table` (`id`, `comment_id`, `post_id`) VALUES ('5c372c7f-ee1f-4f3f-acb5-66d4af92dd92', '586939e2-25ee-4eda-8d90-f213afcbdbd3', '');
INSERT INTO `likes_table` (`id`, `comment_id`, `post_id`) VALUES ('091a22c5-d35f-4405-96b3-45dea13ffb9a', '586939e2-25ee-4eda-8d90-f213afcbdbd3', '');
INSERT INTO `likes_table` (`id`, `comment_id`, `post_id`) VALUES ('12b85cb9-9745-42f6-bb53-f08aace2551b', '586939e2-25ee-4eda-8d90-f213afcbdbd3', '');
INSERT INTO `likes_table` (`id`, `comment_id`, `post_id`) VALUES ('1d0b8d09-20c8-46f1-8fd8-203842215768', '586939e2-25ee-4eda-8d90-f213afcbdbd3', '');
INSERT INTO `likes_table` (`id`, `comment_id`, `post_id`) VALUES ('2a3cbef5-3403-41a7-9bde-5d317ee4a274', '586939e2-25ee-4eda-8d90-f213afcbdbd3', '');
INSERT INTO `likes_table` (`id`, `comment_id`, `post_id`) VALUES ('43f8f46e-6b18-45f8-b97a-5d66283b9897', '586939e2-25ee-4eda-8d90-f213afcbdbd3', '');
INSERT INTO `likes_table` (`id`, `comment_id`, `post_id`) VALUES ('530c0a83-4926-4a50-876a-d7338aa06382', '586939e2-25ee-4eda-8d90-f213afcbdbd3', '');
INSERT INTO `likes_table` (`id`, `comment_id`, `post_id`) VALUES ('bf1a54fc-9ef0-4679-b3d9-f904c422460e', '586939e2-25ee-4eda-8d90-f213afcbdbd3', '');
INSERT INTO `likes_table` (`id`, `comment_id`, `post_id`) VALUES ('da3dcc24-21c7-4064-8829-12d1c3b74993', '586939e2-25ee-4eda-8d90-f213afcbdbd3', '');
INSERT INTO `likes_table` (`id`, `comment_id`, `post_id`) VALUES ('278e1ef4-ece8-4832-8c4f-7884bede7f4d', '586939e2-25ee-4eda-8d90-f213afcbdbd3', '');
INSERT INTO `likes_table` (`id`, `comment_id`, `post_id`) VALUES ('b5c0c008-7a08-49aa-ac65-712c557c626e', '586939e2-25ee-4eda-8d90-f213afcbdbd3', '');
INSERT INTO `likes_table` (`id`, `comment_id`, `post_id`) VALUES ('310e715d-f51a-46cf-aee6-c9d2d3d3ba0f', '586939e2-25ee-4eda-8d90-f213afcbdbd3', '');
INSERT INTO `likes_table` (`id`, `comment_id`, `post_id`) VALUES ('ed2841b8-9be0-43f6-8e69-a24cab7528c4', '586939e2-25ee-4eda-8d90-f213afcbdbd3', '');
INSERT INTO `likes_table` (`id`, `comment_id`, `post_id`) VALUES ('55f64565-fb17-4243-a55c-eff674012e93', '586939e2-25ee-4eda-8d90-f213afcbdbd3', '');
INSERT INTO `likes_table` (`id`, `comment_id`, `post_id`) VALUES ('d4a3e42e-10a1-4fa8-b2e8-fde888e98247', '586939e2-25ee-4eda-8d90-f213afcbdbd3', '');
INSERT INTO `likes_table` (`id`, `comment_id`, `post_id`) VALUES ('563c93a2-651b-4e03-8a54-9db8d75e89a6', '586939e2-25ee-4eda-8d90-f213afcbdbd3', '');
INSERT INTO `likes_table` (`id`, `comment_id`, `post_id`) VALUES ('bb4a5929-0e0e-470b-9b5c-ed3854ab48a4', '586939e2-25ee-4eda-8d90-f213afcbdbd3', '');
INSERT INTO `likes_table` (`id`, `comment_id`, `post_id`) VALUES ('7de1e118-b2c8-441d-a44c-bcf3a9167f68', '586939e2-25ee-4eda-8d90-f213afcbdbd3', '');
INSERT INTO `likes_table` (`id`, `comment_id`, `post_id`) VALUES ('1eebe34d-a05b-4ff1-a18c-918ba8e3881c', '586939e2-25ee-4eda-8d90-f213afcbdbd3', '');
INSERT INTO `likes_table` (`id`, `comment_id`, `post_id`) VALUES ('44470bff-dda0-4026-adc2-3f76c8bec0fa', '586939e2-25ee-4eda-8d90-f213afcbdbd3', '');
INSERT INTO `likes_table` (`id`, `comment_id`, `post_id`) VALUES ('aa44e245-fe1e-47d7-9361-2d25fdb9f463', '586939e2-25ee-4eda-8d90-f213afcbdbd3', '');
INSERT INTO `likes_table` (`id`, `comment_id`, `post_id`) VALUES ('11bf312d-c7d5-4b3d-a1e6-37de65b66017', '586939e2-25ee-4eda-8d90-f213afcbdbd3', '');
INSERT INTO `likes_table` (`id`, `comment_id`, `post_id`) VALUES ('685c3ace-c422-4621-b96e-760d9ab34c70', '', '15ea8961-4ab7-45b0-865a-d034486baa05');
INSERT INTO `likes_table` (`id`, `comment_id`, `post_id`) VALUES ('65256574-380d-4a9e-9eb6-bd301988637d', '', '795c5bd0-ac34-442d-ab7d-43669b1cbbe6');
INSERT INTO `likes_table` (`id`, `comment_id`, `post_id`) VALUES ('280ca6d1-3129-4dfb-8b4e-2eef77fd8955', '', '5f7453b0-2a55-44d4-b9fb-d6abfeb69f12');
INSERT INTO `likes_table` (`id`, `comment_id`, `post_id`) VALUES ('5c372c7f-ee1f-4f3f-acb5-66d4af92dd92', '', 'b4ca2456-7b31-4e00-ace2-27a9513624fb');
INSERT INTO `likes_table` (`id`, `comment_id`, `post_id`) VALUES ('091a22c5-d35f-4405-96b3-45dea13ffb9a', '', '24c5f1c6-6a30-480b-a46f-50e1068d5892');
INSERT INTO `likes_table` (`id`, `comment_id`, `post_id`) VALUES ('12b85cb9-9745-42f6-bb53-f08aace2551b', '', '8b50b3bd-69f9-42de-837c-a96c7d4d038d');
INSERT INTO `likes_table` (`id`, `comment_id`, `post_id`) VALUES ('1d0b8d09-20c8-46f1-8fd8-203842215768', '', 'ce86a311-4aef-4992-a11a-5f6ae479578a');
INSERT INTO `likes_table` (`id`, `comment_id`, `post_id`) VALUES ('2a3cbef5-3403-41a7-9bde-5d317ee4a274', '', 'a4e0c631-ed7f-459c-9026-6d35aaa5698c');
INSERT INTO `likes_table` (`id`, `comment_id`, `post_id`) VALUES ('43f8f46e-6b18-45f8-b97a-5d66283b9897', '', '9c395e0f-17f6-445e-9d47-20e17e93a255');
INSERT INTO `likes_table` (`id`, `comment_id`, `post_id`) VALUES ('530c0a83-4926-4a50-876a-d7338aa06382', '', 'a7eac7e6-4a64-4b28-a033-038fdc70cba3');
INSERT INTO `likes_table` (`id`, `comment_id`, `post_id`) VALUES ('bf1a54fc-9ef0-4679-b3d9-f904c422460e', '', 'c4cbace4-ebae-4441-9994-f155765113ce');
INSERT INTO `likes_table` (`id`, `comment_id`, `post_id`) VALUES ('da3dcc24-21c7-4064-8829-12d1c3b74993', '', '5f33264c-209c-473a-846d-2ea8ddafd399');
INSERT INTO `likes_table` (`id`, `comment_id`, `post_id`) VALUES ('278e1ef4-ece8-4832-8c4f-7884bede7f4d', '', '1b2b324b-a9da-4f2b-a9cd-cb62289bbb1e');
INSERT INTO `likes_table` (`id`, `comment_id`, `post_id`) VALUES ('b5c0c008-7a08-49aa-ac65-712c557c626e', '', 'a0861b2c-ff5d-4eb3-9a2c-77f445c4ff01');
INSERT INTO `likes_table` (`id`, `comment_id`, `post_id`) VALUES ('310e715d-f51a-46cf-aee6-c9d2d3d3ba0f', '', 'fe5dc86c-498c-47d6-bb42-9b1e16a59f82');
INSERT INTO `likes_table` (`id`, `comment_id`, `post_id`) VALUES ('ed2841b8-9be0-43f6-8e69-a24cab7528c4', '', 'bfc54451-6bcb-4df4-9bc5-2bd9e730ee6f');
INSERT INTO `likes_table` (`id`, `comment_id`, `post_id`) VALUES ('55f64565-fb17-4243-a55c-eff674012e93', '', '964be3bc-4ab9-4b9f-95a2-5efb62b6bb21');


#
# TABLE STRUCTURE FOR: reward
#

DROP TABLE IF EXISTS `reward`;

CREATE TABLE `reward` (
                          `id` varchar(255) NOT NULL,
                          `name` varchar(255) NOT NULL,
                          `requirements` text NOT NULL,
                          `type` varchar(255) NOT NULL,
                          `community_id` varchar(255) NOT NULL,
                          PRIMARY KEY (`id`),
                          KEY `community_id` (`community_id`),
                          CONSTRAINT `reward_ibfk_1` FOREIGN KEY (`community_id`) REFERENCES `community` (`id`)
) ENGINE=InnoDB DEFAULT CHARSET=utf8mb4 COLLATE=utf8mb4_general_ci;

